trial,property,scenario,path_id,path_description,w1_comp,w1_node,w1_cl,read_comp,read_node,read_cl,w2_comp,w2_node,w2_cl,key,setup_attempts,w1_completed,observed_version,observed_parent,read_type,w2_completed,dependent_version,dependent_parent,final_version,final_value,final_client,failure_mechanism,classification,error
1,WRITES_FOLLOW_READS,network_partition,P1,"Cross-Partition (I -> M, W1=ONE, R=ONE)",I,cassandra3,ONE,M,cassandra1,ONE,M,cassandra2,QUORUM,wfr_part_p1_1_1790420248749515400_9436,1,True,1,0,STALE_READ,True,2,1,2,v2_clientB_parent_1,client_B,NONE,STALE_READ_LOST_UPDATE,
2,WRITES_FOLLOW_READS,network_partition,P1,"Cross-Partition (I -> M, W1=ONE, R=ONE)",I,cassandra3,ONE,M,cassandra1,ONE,M,cassandra2,QUORUM,wfr_part_p1_2_1790420258115304400_5077,1,True,1,0,STALE_READ,True,2,1,2,v2_clientB_parent_1,client_B,NONE,STALE_READ_LOST_UPDATE,
3,WRITES_FOLLOW_READS,network_partition,P1,"Cross-Partition (I -> M, W1=ONE, R=ONE)",I,cassandra3,ONE,M,cassandra2,ONE,M,cassandra1,QUORUM,wfr_part_p1_3_1790420267245050600_8092,1,True,1,0,STALE_READ,True,2,1,2,v2_clientB_parent_1,client_B,NONE,STALE_READ_LOST_UPDATE,
4,WRITES_FOLLOW_READS,network_partition,P1,"Cross-Partition (I -> M, W1=ONE, R=ONE)",I,cassandra3,ONE,M,cassandra1,ONE,M,cassandra2,QUORUM,wfr_part_p1_4_1790420276472951400_4093,1,True,1,0,STALE_READ,True,2,1,2,v2_clientB_parent_1,client_B,NONE,STALE_READ_LOST_UPDATE,
5,WRITES_FOLLOW_READS,network_partition,P1,"Cross-Partition (I -> M, W1=ONE, R=ONE)",I,cassandra3,ONE,M,cassandra2,ONE,M,cassandra2,QUORUM,wfr_part_p1_5_1790420285593532300_9448,1,True,1,0,STALE_READ,True,2,1,2,v2_clientB_parent_1,client_B,NONE,STALE_READ_LOST_UPDATE,
6,WRITES_FOLLOW_READS,network_partition,P1,"Cross-Partition (I -> M, W1=ONE, R=ONE)",I,cassandra3,ONE,M,cassandra2,ONE,M,cassandra1,QUORUM,wfr_part_p1_6_1790420294759876200_9408,1,True,1,0,STALE_READ,True,2,1,2,v2_clientB_parent_1,client_B,NONE,STALE_READ_LOST_UPDATE,
7,WRITES_FOLLOW_READS,network_partition,P1,"Cross-Partition (I -> M, W1=ONE, R=ONE)",I,cassandra3,ONE,M,cassandra1,ONE,M,cassandra1,QUORUM,wfr_part_p1_7_1790420303940930900_6108,1,True,1,0,STALE_READ,True,2,1,2,v2_clientB_parent_1,client_B,NONE,STALE_READ_LOST_UPDATE,
8,WRITES_FOLLOW_READS,network_partition,P1,"Cross-Partition (I -> M, W1=ONE, R=ONE)",I,cassandra3,ONE,M,cassandra1,ONE,M,cassandra1,QUORUM,wfr_part_p1_8_1790420313106278500_8756,1,True,1,0,STALE_READ,True,2,1,2,v2_clientB_parent_1,client_B,NONE,STALE_READ_LOST_UPDATE,
9,WRITES_FOLLOW_READS,network_partition,P1,"Cross-Partition (I -> M, W1=ONE, R=ONE)",I,cassandra3,ONE,M,cassandra1,ONE,M,cassandra1,QUORUM,wfr_part_p1_9_1790420322302468400_2805,1,True,1,0,STALE_READ,True,2,1,2,v2_clientB_parent_1,client_B,NONE,STALE_READ_LOST_UPDATE,
10,WRITES_FOLLOW_READS,network_partition,P1,"Cross-Partition (I -> M, W1=ONE, R=ONE)",I,cassandra3,ONE,M,cassandra2,ONE,M,cassandra1,QUORUM,wfr_part_p1_10_1790420331678332100_8947,1,True,1,0,STALE_READ,True,2,1,2,v2_clientB_parent_1,client_B,NONE,STALE_READ_LOST_UPDATE,
11,WRITES_FOLLOW_READS,network_partition,P1,"Cross-Partition (I -> M, W1=ONE, R=ONE)",I,cassandra3,ONE,M,cassandra2,ONE,M,cassandra2,QUORUM,wfr_part_p1_11_1790420340855189000_5083,1,True,1,0,STALE_READ,True,2,1,2,v2_clientB_parent_1,client_B,NONE,STALE_READ_LOST_UPDATE,
12,WRITES_FOLLOW_READS,network_partition,P1,"Cross-Partition (I -> M, W1=ONE, R=ONE)",I,cassandra3,ONE,M,cassandra1,ONE,M,cassandra2,QUORUM,wfr_part_p1_12_1790420349982205700_4943,1,True,1,0,STALE_READ,True,2,1,2,v2_clientB_parent_1,client_B,NONE,STALE_READ_LOST_UPDATE,
13,WRITES_FOLLOW_READS,network_partition,P1,"Cross-Partition (I -> M, W1=ONE, R=ONE)",I,cassandra3,ONE,M,cassandra2,ONE,M,cassandra1,QUORUM,wfr_part_p1_13_1790420359202399200_8497,1,True,1,0,STALE_READ,True,2,1,2,v2_clientB_parent_1,client_B,NONE,STALE_READ_LOST_UPDATE,
14,WRITES_FOLLOW_READS,network_partition,P1,"Cross-Partition (I -> M, W1=ONE, R=ONE)",I,cassandra3,ONE,M,cassandra1,ONE,M,cassandra2,QUORUM,wfr_part_p1_14_1790420368521152000_2598,1,True,1,0,STALE_READ,True,2,1,2,v2_clientB_parent_1,client_B,NONE,STALE_READ_LOST_UPDATE,
15,WRITES_FOLLOW_READS,network_partition,P1,"Cross-Partition (I -> M, W1=ONE, R=ONE)",I,cassandra3,ONE,M,cassandra1,ONE,M,cassandra2,QUORUM,wfr_part_p1_15_1790420377782574100_7033,1,True,1,0,STALE_READ,True,2,1,2,v2_clientB_parent_1,client_B,NONE,STALE_READ_LOST_UPDATE,
16,WRITES_FOLLOW_READS,network_partition,P1,"Cross-Partition (I -> M, W1=ONE, R=ONE)",I,cassandra3,ONE,M,cassandra2,ONE,M,cassandra2,QUORUM,wfr_part_p1_16_1790420387027543400_8148,1,True,1,0,STALE_READ,True,2,1,2,v2_clientB_parent_1,client_B,NONE,STALE_READ_LOST_UPDATE,
17,WRITES_FOLLOW_READS,network_partition,P1,"Cross-Partition (I -> M, W1=ONE, R=ONE)",I,cassandra3,ONE,M,cassandra2,ONE,M,cassandra1,QUORUM,wfr_part_p1_17_1790420396205534900_4972,1,True,1,0,STALE_READ,True,2,1,2,v2_clientB_parent_1,client_B,NONE,STALE_READ_LOST_UPDATE,
18,WRITES_FOLLOW_READS,network_partition,P1,"Cross-Partition (I -> M, W1=ONE, R=ONE)",I,cassandra3,ONE,M,cassandra2,ONE,M,cassandra2,QUORUM,wfr_part_p1_18_1790420405471445000_8119,1,True,1,0,STALE_READ,True,2,1,2,v2_clientB_parent_1,client_B,NONE,STALE_READ_LOST_UPDATE,
19,WRITES_FOLLOW_READS,network_partition,P1,"Cross-Partition (I -> M, W1=ONE, R=ONE)",I,cassandra3,ONE,M,cassandra1,ONE,M,cassandra2,QUORUM,wfr_part_p1_19_1790420414590418600_6540,1,True,1,0,STALE_READ,True,2,1,2,v2_clientB_parent_1,client_B,NONE,STALE_READ_LOST_UPDATE,
20,WRITES_FOLLOW_READS,network_partition,P1,"Cross-Partition (I -> M, W1=ONE, R=ONE)",I,cassandra3,ONE,M,cassandra2,ONE,M,cassandra1,QUORUM,wfr_part_p1_20_1790420423858674100_1600,1,True,1,0,STALE_READ,True,2,1,2,v2_clientB_parent_1,client_B,NONE,STALE_READ_LOST_UPDATE,
1,WRITES_FOLLOW_READS,network_partition,P2,"Cross-Partition (I -> M, W1=ONE, R=QUORUM)",I,cassandra3,ONE,M,cassandra2,QUORUM,M,cassandra2,QUORUM,wfr_part_p2_1_1790420433136296300_3842,1,True,1,0,STALE_READ,True,2,1,2,v2_clientB_parent_1,client_B,NONE,STALE_READ_LOST_UPDATE,
2,WRITES_FOLLOW_READS,network_partition,P2,"Cross-Partition (I -> M, W1=ONE, R=QUORUM)",I,cassandra3,ONE,M,cassandra1,QUORUM,M,cassandra2,QUORUM,wfr_part_p2_2_1790420442528526100_3505,1,True,1,0,STALE_READ,True,2,1,2,v2_clientB_parent_1,client_B,NONE,STALE_READ_LOST_UPDATE,
3,WRITES_FOLLOW_READS,network_partition,P2,"Cross-Partition (I -> M, W1=ONE, R=QUORUM)",I,cassandra3,ONE,M,cassandra2,QUORUM,M,cassandra2,QUORUM,wfr_part_p2_3_1790420451683964800_4832,1,True,1,0,STALE_READ,True,2,1,2,v2_clientB_parent_1,client_B,NONE,STALE_READ_LOST_UPDATE,
4,WRITES_FOLLOW_READS,network_partition,P2,"Cross-Partition (I -> M, W1=ONE, R=QUORUM)",I,cassandra3,ONE,M,cassandra1,QUORUM,M,cassandra2,QUORUM,wfr_part_p2_4_1790420460797817700_7839,1,True,1,0,STALE_READ,True,2,1,2,v2_clientB_parent_1,client_B,NONE,STALE_READ_LOST_UPDATE,
5,WRITES_FOLLOW_READS,network_partition,P2,"Cross-Partition (I -> M, W1=ONE, R=QUORUM)",I,cassandra3,ONE,M,cassandra2,QUORUM,M,cassandra2,QUORUM,wfr_part_p2_5_1790420470403850500_8665,1,True,1,0,STALE_READ,True,2,1,2,v2_clientB_parent_1,client_B,NONE,STALE_READ_LOST_UPDATE,
6,WRITES_FOLLOW_READS,network_partition,P2,"Cross-Partition (I -> M, W1=ONE, R=QUORUM)",I,cassandra3,ONE,M,cassandra2,QUORUM,M,cassandra1,QUORUM,wfr_part_p2_6_1790420479955512700_2843,1,True,1,0,STALE_READ,True,2,1,2,v2_clientB_parent_1,client_B,NONE,STALE_READ_LOST_UPDATE,
7,WRITES_FOLLOW_READS,network_partition,P2,"Cross-Partition (I -> M, W1=ONE, R=QUORUM)",I,cassandra3,ONE,M,cassandra2,QUORUM,M,cassandra2,QUORUM,wfr_part_p2_7_1790420489394084700_7908,1,True,1,0,STALE_READ,True,2,1,2,v2_clientB_parent_1,client_B,NONE,STALE_READ_LOST_UPDATE,
8,WRITES_FOLLOW_READS,network_partition,P2,"Cross-Partition (I -> M, W1=ONE, R=QUORUM)",I,cassandra3,ONE,M,cassandra1,QUORUM,M,cassandra1,QUORUM,wfr_part_p2_8_1790420499025939000_9946,1,True,1,0,STALE_READ,True,2,1,2,v2_clientB_parent_1,client_B,NONE,STALE_READ_LOST_UPDATE,
9,WRITES_FOLLOW_READS,network_partition,P2,"Cross-Partition (I -> M, W1=ONE, R=QUORUM)",I,cassandra3,ONE,M,cassandra1,QUORUM,M,cassandra1,QUORUM,wfr_part_p2_9_1790420508416529000_6023,1,True,1,0,STALE_READ,True,2,1,2,v2_clientB_parent_1,client_B,NONE,STALE_READ_LOST_UPDATE,
10,WRITES_FOLLOW_READS,network_partition,P2,"Cross-Partition (I -> M, W1=ONE, R=QUORUM)",I,cassandra3,ONE,M,cassandra2,QUORUM,M,cassandra2,QUORUM,wfr_part_p2_10_1790420517841661100_9256,1,True,1,0,STALE_READ,True,2,1,2,v2_clientB_parent_1,client_B,NONE,STALE_READ_LOST_UPDATE,
11,WRITES_FOLLOW_READS,network_partition,P2,"Cross-Partition (I -> M, W1=ONE, R=QUORUM)",I,cassandra3,ONE,M,cassandra1,QUORUM,M,cassandra1,QUORUM,wfr_part_p2_11_1790420527175134100_9797,1,True,1,0,STALE_READ,True,2,1,2,v2_clientB_parent_1,client_B,NONE,STALE_READ_LOST_UPDATE,
12,WRITES_FOLLOW_READS,network_partition,P2,"Cross-Partition (I -> M, W1=ONE, R=QUORUM)",I,cassandra3,ONE,M,cassandra2,QUORUM,M,cassandra2,QUORUM,wfr_part_p2_12_1790420536501867500_6933,1,True,1,0,STALE_READ,True,2,1,2,v2_clientB_parent_1,client_B,NONE,STALE_READ_LOST_UPDATE,
13,WRITES_FOLLOW_READS,network_partition,P2,"Cross-Partition (I -> M, W1=ONE, R=QUORUM)",I,cassandra3,ONE,M,cassandra2,QUORUM,M,cassandra1,QUORUM,wfr_part_p2_13_1790420545900016200_7519,1,True,1,0,STALE_READ,True,2,1,2,v2_clientB_parent_1,client_B,NONE,STALE_READ_LOST_UPDATE,
14,WRITES_FOLLOW_READS,network_partition,P2,"Cross-Partition (I -> M, W1=ONE, R=QUORUM)",I,cassandra3,ONE,M,cassandra2,QUORUM,M,cassandra2,QUORUM,wfr_part_p2_14_1790420555232437400_2145,1,True,1,0,STALE_READ,True,2,1,2,v2_clientB_parent_1,client_B,NONE,STALE_READ_LOST_UPDATE,
15,WRITES_FOLLOW_READS,network_partition,P2,"Cross-Partition (I -> M, W1=ONE, R=QUORUM)",I,cassandra3,ONE,M,cassandra1,QUORUM,M,cassandra2,QUORUM,wfr_part_p2_15_1790420564815948900_4302,1,True,1,0,STALE_READ,True,2,1,2,v2_clientB_parent_1,client_B,NONE,STALE_READ_LOST_UPDATE,
16,WRITES_FOLLOW_READS,network_partition,P2,"Cross-Partition (I -> M, W1=ONE, R=QUORUM)",I,cassandra3,ONE,M,cassandra2,QUORUM,M,cassandra1,QUORUM,wfr_part_p2_16_1790420574342506900_1867,1,True,1,0,STALE_READ,True,2,1,2,v2_clientB_parent_1,client_B,NONE,STALE_READ_LOST_UPDATE,
17,WRITES_FOLLOW_READS,network_partition,P2,"Cross-Partition (I -> M, W1=ONE, R=QUORUM)",I,cassandra3,ONE,M,cassandra2,QUORUM,M,cassandra1,QUORUM,wfr_part_p2_17_1790420583727162600_5162,1,True,1,0,STALE_READ,True,2,1,2,v2_clientB_parent_1,client_B,NONE,STALE_READ_LOST_UPDATE,
18,WRITES_FOLLOW_READS,network_partition,P2,"Cross-Partition (I -> M, W1=ONE, R=QUORUM)",I,cassandra3,ONE,M,cassandra2,QUORUM,M,cassandra2,QUORUM,wfr_part_p2_18_1790420593125066500_6291,1,True,1,0,STALE_READ,True,2,1,2,v2_clientB_parent_1,client_B,NONE,STALE_READ_LOST_UPDATE,
19,WRITES_FOLLOW_READS,network_partition,P2,"Cross-Partition (I -> M, W1=ONE, R=QUORUM)",I,cassandra3,ONE,M,cassandra1,QUORUM,M,cassandra2,QUORUM,wfr_part_p2_19_1790420602557056300_5875,1,True,1,0,STALE_READ,True,2,1,2,v2_clientB_parent_1,client_B,NONE,STALE_READ_LOST_UPDATE,
20,WRITES_FOLLOW_READS,network_partition,P2,"Cross-Partition (I -> M, W1=ONE, R=QUORUM)",I,cassandra3,ONE,M,cassandra2,QUORUM,M,cassandra1,QUORUM,wfr_part_p2_20_1790420611932971700_2251,1,True,1,0,STALE_READ,True,2,1,2,v2_clientB_parent_1,client_B,NONE,STALE_READ_LOST_UPDATE,
1,WRITES_FOLLOW_READS,network_partition,P3,"Cross-Partition (M -> I, W1=QUORUM, R=ONE)",M,cassandra1,QUORUM,I,cassandra3,ONE,M,cassandra1,QUORUM,wfr_part_p3_1_1790420621325998900_7980,1,True,1,0,STALE_READ,True,2,1,2,v2_clientB_parent_1,client_B,NONE,STALE_READ_LOST_UPDATE,
2,WRITES_FOLLOW_READS,network_partition,P3,"Cross-Partition (M -> I, W1=QUORUM, R=ONE)",M,cassandra1,QUORUM,I,cassandra3,ONE,M,cassandra1,QUORUM,wfr_part_p3_2_1790420630849619300_4280,1,True,1,0,STALE_READ,True,2,1,2,v2_clientB_parent_1,client_B,NONE,STALE_READ_LOST_UPDATE,
3,WRITES_FOLLOW_READS,network_partition,P3,"Cross-Partition (M -> I, W1=QUORUM, R=ONE)",M,cassandra1,QUORUM,I,cassandra3,ONE,M,cassandra1,QUORUM,wfr_part_p3_3_1790420640227864900_1312,1,True,1,0,STALE_READ,True,2,1,2,v2_clientB_parent_1,client_B,NONE,STALE_READ_LOST_UPDATE,
4,WRITES_FOLLOW_READS,network_partition,P3,"Cross-Partition (M -> I, W1=QUORUM, R=ONE)",M,cassandra1,QUORUM,I,cassandra3,ONE,M,cassandra1,QUORUM,wfr_part_p3_4_1790420649602415300_5393,1,True,1,0,STALE_READ,True,2,1,2,v2_clientB_parent_1,client_B,NONE,STALE_READ_LOST_UPDATE,
5,WRITES_FOLLOW_READS,network_partition,P3,"Cross-Partition (M -> I, W1=QUORUM, R=ONE)",M,cassandra1,QUORUM,I,cassandra3,ONE,M,cassandra2,QUORUM,wfr_part_p3_5_1790420659066574500_8476,1,True,1,0,STALE_READ,True,2,1,2,v2_clientB_parent_1,client_B,NONE,STALE_READ_LOST_UPDATE,
6,WRITES_FOLLOW_READS,network_partition,P3,"Cross-Partition (M -> I, W1=QUORUM, R=ONE)",M,cassandra2,QUORUM,I,cassandra3,ONE,M,cassandra2,QUORUM,wfr_part_p3_6_1790420668599635700_5615,1,True,1,0,STALE_READ,True,2,1,2,v2_clientB_parent_1,client_B,NONE,STALE_READ_LOST_UPDATE,
7,WRITES_FOLLOW_READS,network_partition,P3,"Cross-Partition (M -> I, W1=QUORUM, R=ONE)",M,cassandra2,QUORUM,I,cassandra3,ONE,M,cassandra2,QUORUM,wfr_part_p3_7_1790420678315369700_1773,1,True,1,0,STALE_READ,True,2,1,2,v2_clientB_parent_1,client_B,NONE,STALE_READ_LOST_UPDATE,
8,WRITES_FOLLOW_READS,network_partition,P3,"Cross-Partition (M -> I, W1=QUORUM, R=ONE)",M,cassandra2,QUORUM,I,cassandra3,ONE,M,cassandra2,QUORUM,wfr_part_p3_8_1790420687839586600_2919,1,True,1,0,STALE_READ,True,2,1,2,v2_clientB_parent_1,client_B,NONE,STALE_READ_LOST_UPDATE,
9,WRITES_FOLLOW_READS,network_partition,P3,"Cross-Partition (M -> I, W1=QUORUM, R=ONE)",M,cassandra1,QUORUM,I,cassandra3,ONE,M,cassandra2,QUORUM,wfr_part_p3_9_1790420697286420100_9716,1,True,1,0,STALE_READ,True,2,1,2,v2_clientB_parent_1,client_B,NONE,STALE_READ_LOST_UPDATE,
10,WRITES_FOLLOW_READS,network_partition,P3,"Cross-Partition (M -> I, W1=QUORUM, R=ONE)",M,cassandra1,QUORUM,I,cassandra3,ONE,M,cassandra2,QUORUM,wfr_part_p3_10_1790420706603089100_5482,1,True,1,0,STALE_READ,True,2,1,2,v2_clientB_parent_1,client_B,NONE,STALE_READ_LOST_UPDATE,
11,WRITES_FOLLOW_READS,network_partition,P3,"Cross-Partition (M -> I, W1=QUORUM, R=ONE)",M,cassandra2,QUORUM,I,cassandra3,ONE,M,cassandra1,QUORUM,wfr_part_p3_11_1790420715947020000_6949,1,True,1,0,STALE_READ,True,2,1,2,v2_clientB_parent_1,client_B,NONE,STALE_READ_LOST_UPDATE,
12,WRITES_FOLLOW_READS,network_partition,P3,"Cross-Partition (M -> I, W1=QUORUM, R=ONE)",M,cassandra1,QUORUM,I,cassandra3,ONE,M,cassandra1,QUORUM,wfr_part_p3_12_1790420725184862600_2891,1,True,1,0,STALE_READ,True,2,1,2,v2_clientB_parent_1,client_B,NONE,STALE_READ_LOST_UPDATE,
13,WRITES_FOLLOW_READS,network_partition,P3,"Cross-Partition (M -> I, W1=QUORUM, R=ONE)",M,cassandra1,QUORUM,I,cassandra3,ONE,M,cassandra2,QUORUM,wfr_part_p3_13_1790420734534299300_4620,1,True,1,0,STALE_READ,True,2,1,2,v2_clientB_parent_1,client_B,NONE,STALE_READ_LOST_UPDATE,
14,WRITES_FOLLOW_READS,network_partition,P3,"Cross-Partition (M -> I, W1=QUORUM, R=ONE)",M,cassandra1,QUORUM,I,cassandra3,ONE,M,cassandra2,QUORUM,wfr_part_p3_14_1790420744126778200_9115,1,True,1,0,STALE_READ,True,2,1,2,v2_clientB_parent_1,client_B,NONE,STALE_READ_LOST_UPDATE,
15,WRITES_FOLLOW_READS,network_partition,P3,"Cross-Partition (M -> I, W1=QUORUM, R=ONE)",M,cassandra1,QUORUM,I,cassandra3,ONE,M,cassandra2,QUORUM,wfr_part_p3_15_1790420753491020000_3975,1,True,1,0,STALE_READ,True,2,1,2,v2_clientB_parent_1,client_B,NONE,STALE_READ_LOST_UPDATE,
16,WRITES_FOLLOW_READS,network_partition,P3,"Cross-Partition (M -> I, W1=QUORUM, R=ONE)",M,cassandra2,QUORUM,I,cassandra3,ONE,M,cassandra2,QUORUM,wfr_part_p3_16_1790420762831350000_1314,1,True,1,0,STALE_READ,True,2,1,2,v2_clientB_parent_1,client_B,NONE,STALE_READ_LOST_UPDATE,
17,WRITES_FOLLOW_READS,network_partition,P3,"Cross-Partition (M -> I, W1=QUORUM, R=ONE)",M,cassandra1,QUORUM,I,cassandra3,ONE,M,cassandra1,QUORUM,wfr_part_p3_17_1790420772202260300_4601,1,True,1,0,STALE_READ,True,2,1,2,v2_clientB_parent_1,client_B,NONE,STALE_READ_LOST_UPDATE,
18,WRITES_FOLLOW_READS,network_partition,P3,"Cross-Partition (M -> I, W1=QUORUM, R=ONE)",M,cassandra1,QUORUM,I,cassandra3,ONE,M,cassandra1,QUORUM,wfr_part_p3_18_1790420781572739900_5813,1,True,1,0,STALE_READ,True,2,1,2,v2_clientB_parent_1,client_B,NONE,STALE_READ_LOST_UPDATE,
19,WRITES_FOLLOW_READS,network_partition,P3,"Cross-Partition (M -> I, W1=QUORUM, R=ONE)",M,cassandra2,QUORUM,I,cassandra3,ONE,M,cassandra1,QUORUM,wfr_part_p3_19_1790420790854090100_8162,1,True,1,0,STALE_READ,True,2,1,2,v2_clientB_parent_1,client_B,NONE,STALE_READ_LOST_UPDATE,
20,WRITES_FOLLOW_READS,network_partition,P3,"Cross-Partition (M -> I, W1=QUORUM, R=ONE)",M,cassandra2,QUORUM,I,cassandra3,ONE,M,cassandra2,QUORUM,wfr_part_p3_20_1790420800101920800_8001,1,True,1,0,STALE_READ,True,2,1,2,v2_clientB_parent_1,client_B,NONE,STALE_READ_LOST_UPDATE,
1,WRITES_FOLLOW_READS,network_partition,P4,"Intra-Majority (M -> M, W1=QUORUM, R=QUORUM)",M,cassandra2,QUORUM,M,cassandra1,QUORUM,M,cassandra2,QUORUM,wfr_part_p4_1_1790420809384247400_7973,1,True,2,1,FRESH_READ,True,3,2,3,v3_clientB_parent_2,client_B,NONE,CAUSAL_LINEAGE_PRESERVED,
2,WRITES_FOLLOW_READS,network_partition,P4,"Intra-Majority (M -> M, W1=QUORUM, R=QUORUM)",M,cassandra2,QUORUM,M,cassandra2,QUORUM,M,cassandra2,QUORUM,wfr_part_p4_2_1790420818631002700_1510,1,True,2,1,FRESH_READ,True,3,2,3,v3_clientB_parent_2,client_B,NONE,CAUSAL_LINEAGE_PRESERVED,
3,WRITES_FOLLOW_READS,network_partition,P4,"Intra-Majority (M -> M, W1=QUORUM, R=QUORUM)",M,cassandra1,QUORUM,M,cassandra1,QUORUM,M,cassandra2,QUORUM,wfr_part_p4_3_1790420827922391400_9900,1,True,2,1,FRESH_READ,True,3,2,3,v3_clientB_parent_2,client_B,NONE,CAUSAL_LINEAGE_PRESERVED,
4,WRITES_FOLLOW_READS,network_partition,P4,"Intra-Majority (M -> M, W1=QUORUM, R=QUORUM)",M,cassandra2,QUORUM,M,cassandra2,QUORUM,M,cassandra1,QUORUM,wfr_part_p4_4_1790420837365648800_1480,1,True,2,1,FRESH_READ,True,3,2,3,v3_clientB_parent_2,client_B,NONE,CAUSAL_LINEAGE_PRESERVED,
5,WRITES_FOLLOW_READS,network_partition,P4,"Intra-Majority (M -> M, W1=QUORUM, R=QUORUM)",M,cassandra1,QUORUM,M,cassandra1,QUORUM,M,cassandra1,QUORUM,wfr_part_p4_5_1790420846615551100_7557,1,True,2,1,FRESH_READ,True,3,2,3,v3_clientB_parent_2,client_B,NONE,CAUSAL_LINEAGE_PRESERVED,
6,WRITES_FOLLOW_READS,network_partition,P4,"Intra-Majority (M -> M, W1=QUORUM, R=QUORUM)",M,cassandra2,QUORUM,M,cassandra1,QUORUM,M,cassandra2,QUORUM,wfr_part_p4_6_1790420856023979600_1508,1,True,2,1,FRESH_READ,True,3,2,3,v3_clientB_parent_2,client_B,NONE,CAUSAL_LINEAGE_PRESERVED,
7,WRITES_FOLLOW_READS,network_partition,P4,"Intra-Majority (M -> M, W1=QUORUM, R=QUORUM)",M,cassandra2,QUORUM,M,cassandra1,QUORUM,M,cassandra1,QUORUM,wfr_part_p4_7_1790420865292783200_1624,1,True,2,1,FRESH_READ,True,3,2,3,v3_clientB_parent_2,client_B,NONE,CAUSAL_LINEAGE_PRESERVED,
8,WRITES_FOLLOW_READS,network_partition,P4,"Intra-Majority (M -> M, W1=QUORUM, R=QUORUM)",M,cassandra2,QUORUM,M,cassandra1,QUORUM,M,cassandra2,QUORUM,wfr_part_p4_8_1790420874553614600_3696,1,True,2,1,FRESH_READ,True,3,2,3,v3_clientB_parent_2,client_B,NONE,CAUSAL_LINEAGE_PRESERVED,
9,WRITES_FOLLOW_READS,network_partition,P4,"Intra-Majority (M -> M, W1=QUORUM, R=QUORUM)",M,cassandra1,QUORUM,M,cassandra1,QUORUM,M,cassandra2,QUORUM,wfr_part_p4_9_1790420883843243600_5826,1,True,2,1,FRESH_READ,True,3,2,3,v3_clientB_parent_2,client_B,NONE,CAUSAL_LINEAGE_PRESERVED,
10,WRITES_FOLLOW_READS,network_partition,P4,"Intra-Majority (M -> M, W1=QUORUM, R=QUORUM)",M,cassandra2,QUORUM,M,cassandra2,QUORUM,M,cassandra1,QUORUM,wfr_part_p4_10_1790420893168898700_3735,1,True,2,1,FRESH_READ,True,3,2,3,v3_clientB_parent_2,client_B,NONE,CAUSAL_LINEAGE_PRESERVED,
11,WRITES_FOLLOW_READS,network_partition,P4,"Intra-Majority (M -> M, W1=QUORUM, R=QUORUM)",M,cassandra2,QUORUM,M,cassandra1,QUORUM,M,cassandra1,QUORUM,wfr_part_p4_11_1790420902524065500_4779,1,True,2,1,FRESH_READ,True,3,2,3,v3_clientB_parent_2,client_B,NONE,CAUSAL_LINEAGE_PRESERVED,
12,WRITES_FOLLOW_READS,network_partition,P4,"Intra-Majority (M -> M, W1=QUORUM, R=QUORUM)",M,cassandra1,QUORUM,M,cassandra2,QUORUM,M,cassandra2,QUORUM,wfr_part_p4_12_1790420911813319700_9894,1,True,2,1,FRESH_READ,True,3,2,3,v3_clientB_parent_2,client_B,NONE,CAUSAL_LINEAGE_PRESERVED,
13,WRITES_FOLLOW_READS,network_partition,P4,"Intra-Majority (M -> M, W1=QUORUM, R=QUORUM)",M,cassandra2,QUORUM,M,cassandra1,QUORUM,M,cassandra1,QUORUM,wfr_part_p4_13_1790420921074268900_7554,1,True,2,1,FRESH_READ,True,3,2,3,v3_clientB_parent_2,client_B,NONE,CAUSAL_LINEAGE_PRESERVED,
14,WRITES_FOLLOW_READS,network_partition,P4,"Intra-Majority (M -> M, W1=QUORUM, R=QUORUM)",M,cassandra2,QUORUM,M,cassandra1,QUORUM,M,cassandra2,QUORUM,wfr_part_p4_14_1790420930355657000_7645,1,True,2,1,FRESH_READ,True,3,2,3,v3_clientB_parent_2,client_B,NONE,CAUSAL_LINEAGE_PRESERVED,
15,WRITES_FOLLOW_READS,network_partition,P4,"Intra-Majority (M -> M, W1=QUORUM, R=QUORUM)",M,cassandra1,QUORUM,M,cassandra2,QUORUM,M,cassandra1,QUORUM,wfr_part_p4_15_1790420939597958000_3420,1,True,2,1,FRESH_READ,True,3,2,3,v3_clientB_parent_2,client_B,NONE,CAUSAL_LINEAGE_PRESERVED,
16,WRITES_FOLLOW_READS,network_partition,P4,"Intra-Majority (M -> M, W1=QUORUM, R=QUORUM)",M,cassandra1,QUORUM,M,cassandra2,QUORUM,M,cassandra1,QUORUM,wfr_part_p4_16_1790420948867140700_9052,1,True,2,1,FRESH_READ,True,3,2,3,v3_clientB_parent_2,client_B,NONE,CAUSAL_LINEAGE_PRESERVED,
17,WRITES_FOLLOW_READS,network_partition,P4,"Intra-Majority (M -> M, W1=QUORUM, R=QUORUM)",M,cassandra1,QUORUM,M,cassandra2,QUORUM,M,cassandra1,QUORUM,wfr_part_p4_17_1790420958270062500_9093,1,True,2,1,FRESH_READ,True,3,2,3,v3_clientB_parent_2,client_B,NONE,CAUSAL_LINEAGE_PRESERVED,
18,WRITES_FOLLOW_READS,network_partition,P4,"Intra-Majority (M -> M, W1=QUORUM, R=QUORUM)",M,cassandra1,QUORUM,M,cassandra2,QUORUM,M,cassandra2,QUORUM,wfr_part_p4_18_1790420967559359900_1257,1,True,2,1,FRESH_READ,True,3,2,3,v3_clientB_parent_2,client_B,NONE,CAUSAL_LINEAGE_PRESERVED,
19,WRITES_FOLLOW_READS,network_partition,P4,"Intra-Majority (M -> M, W1=QUORUM, R=QUORUM)",M,cassandra1,QUORUM,M,cassandra1,QUORUM,M,cassandra1,QUORUM,wfr_part_p4_19_1790420976828224900_6201,1,True,2,1,FRESH_READ,True,3,2,3,v3_clientB_parent_2,client_B,NONE,CAUSAL_LINEAGE_PRESERVED,
20,WRITES_FOLLOW_READS,network_partition,P4,"Intra-Majority (M -> M, W1=QUORUM, R=QUORUM)",M,cassandra1,QUORUM,M,cassandra2,QUORUM,M,cassandra1,QUORUM,wfr_part_p4_20_1790420986132368400_2712,1,True,2,1,FRESH_READ,True,3,2,3,v3_clientB_parent_2,client_B,NONE,CAUSAL_LINEAGE_PRESERVED,
1,WRITES_FOLLOW_READS,network_partition,P5,"Intra-Majority (M -> M, W1=ONE, R=ONE)",M,cassandra1,ONE,M,cassandra2,ONE,M,cassandra1,QUORUM,wfr_part_p5_1_1790420995862251000_4887,1,True,2,1,FRESH_READ,True,3,2,3,v3_clientB_parent_2,client_B,NONE,CAUSAL_LINEAGE_PRESERVED,
2,WRITES_FOLLOW_READS,network_partition,P5,"Intra-Majority (M -> M, W1=ONE, R=ONE)",M,cassandra1,ONE,M,cassandra1,ONE,M,cassandra2,QUORUM,wfr_part_p5_2_1790421005141920900_7769,1,True,2,1,FRESH_READ,True,3,2,3,v3_clientB_parent_2,client_B,NONE,CAUSAL_LINEAGE_PRESERVED,
3,WRITES_FOLLOW_READS,network_partition,P5,"Intra-Majority (M -> M, W1=ONE, R=ONE)",M,cassandra1,ONE,M,cassandra2,ONE,M,cassandra1,QUORUM,wfr_part_p5_3_1790421014432627200_1579,1,True,2,1,FRESH_READ,True,3,2,3,v3_clientB_parent_2,client_B,NONE,CAUSAL_LINEAGE_PRESERVED,
4,WRITES_FOLLOW_READS,network_partition,P5,"Intra-Majority (M -> M, W1=ONE, R=ONE)",M,cassandra1,ONE,M,cassandra1,ONE,M,cassandra1,QUORUM,wfr_part_p5_4_1790421023785384100_8760,1,True,2,1,FRESH_READ,True,3,2,3,v3_clientB_parent_2,client_B,NONE,CAUSAL_LINEAGE_PRESERVED,
5,WRITES_FOLLOW_READS,network_partition,P5,"Intra-Majority (M -> M, W1=ONE, R=ONE)",M,cassandra2,ONE,M,cassandra2,ONE,M,cassandra2,QUORUM,wfr_part_p5_5_1790421033216891200_9002,1,True,2,1,FRESH_READ,True,3,2,3,v3_clientB_parent_2,client_B,NONE,CAUSAL_LINEAGE_PRESERVED,
6,WRITES_FOLLOW_READS,network_partition,P5,"Intra-Majority (M -> M, W1=ONE, R=ONE)",M,cassandra2,ONE,M,cassandra1,ONE,M,cassandra2,QUORUM,wfr_part_p5_6_1790421042543321800_3171,1,True,2,1,FRESH_READ,True,3,2,3,v3_clientB_parent_2,client_B,NONE,CAUSAL_LINEAGE_PRESERVED,
7,WRITES_FOLLOW_READS,network_partition,P5,"Intra-Majority (M -> M, W1=ONE, R=ONE)",M,cassandra1,ONE,M,cassandra1,ONE,M,cassandra2,QUORUM,wfr_part_p5_7_1790421051840163400_7345,1,True,2,1,FRESH_READ,True,3,2,3,v3_clientB_parent_2,client_B,NONE,CAUSAL_LINEAGE_PRESERVED,
8,WRITES_FOLLOW_READS,network_partition,P5,"Intra-Majority (M -> M, W1=ONE, R=ONE)",M,cassandra2,ONE,M,cassandra1,ONE,M,cassandra1,QUORUM,wfr_part_p5_8_1790421061309052900_8647,1,True,2,1,FRESH_READ,True,3,2,3,v3_clientB_parent_2,client_B,NONE,CAUSAL_LINEAGE_PRESERVED,
9,WRITES_FOLLOW_READS,network_partition,P5,"Intra-Majority (M -> M, W1=ONE, R=ONE)",M,cassandra2,ONE,M,cassandra1,ONE,M,cassandra1,QUORUM,wfr_part_p5_9_1790421070583321500_5566,1,True,2,1,FRESH_READ,True,3,2,3,v3_clientB_parent_2,client_B,NONE,CAUSAL_LINEAGE_PRESERVED,
10,WRITES_FOLLOW_READS,network_partition,P5,"Intra-Majority (M -> M, W1=ONE, R=ONE)",M,cassandra1,ONE,M,cassandra2,ONE,M,cassandra2,QUORUM,wfr_part_p5_10_1790421080019516200_2547,1,True,2,1,FRESH_READ,True,3,2,3,v3_clientB_parent_2,client_B,NONE,CAUSAL_LINEAGE_PRESERVED,
11,WRITES_FOLLOW_READS,network_partition,P5,"Intra-Majority (M -> M, W1=ONE, R=ONE)",M,cassandra2,ONE,M,cassandra1,ONE,M,cassandra1,QUORUM,wfr_part_p5_11_1790421089395255200_5660,1,True,2,1,FRESH_READ,True,3,2,3,v3_clientB_parent_2,client_B,NONE,CAUSAL_LINEAGE_PRESERVED,
12,WRITES_FOLLOW_READS,network_partition,P5,"Intra-Majority (M -> M, W1=ONE, R=ONE)",M,cassandra1,ONE,M,cassandra2,ONE,M,cassandra1,QUORUM,wfr_part_p5_12_1790421099033260200_8561,1,True,2,1,FRESH_READ,True,3,2,3,v3_clientB_parent_2,client_B,NONE,CAUSAL_LINEAGE_PRESERVED,
13,WRITES_FOLLOW_READS,network_partition,P5,"Intra-Majority (M -> M, W1=ONE, R=ONE)",M,cassandra2,ONE,M,cassandra1,ONE,M,cassandra2,QUORUM,wfr_part_p5_13_1790421108520080700_9949,1,True,2,1,FRESH_READ,True,3,2,3,v3_clientB_parent_2,client_B,NONE,CAUSAL_LINEAGE_PRESERVED,
14,WRITES_FOLLOW_READS,network_partition,P5,"Intra-Majority (M -> M, W1=ONE, R=ONE)",M,cassandra1,ONE,M,cassandra2,ONE,M,cassandra2,QUORUM,wfr_part_p5_14_1790421117789041800_6305,1,True,2,1,FRESH_READ,True,3,2,3,v3_clientB_parent_2,client_B,NONE,CAUSAL_LINEAGE_PRESERVED,
15,WRITES_FOLLOW_READS,network_partition,P5,"Intra-Majority (M -> M, W1=ONE, R=ONE)",M,cassandra1,ONE,M,cassandra2,ONE,M,cassandra1,QUORUM,wfr_part_p5_15_1790421127186353100_6432,1,True,2,1,FRESH_READ,True,3,2,3,v3_clientB_parent_2,client_B,NONE,CAUSAL_LINEAGE_PRESERVED,
16,WRITES_FOLLOW_READS,network_partition,P5,"Intra-Majority (M -> M, W1=ONE, R=ONE)",M,cassandra1,ONE,M,cassandra2,ONE,M,cassandra2,QUORUM,wfr_part_p5_16_1790421136514196400_8040,1,True,2,1,FRESH_READ,True,3,2,3,v3_clientB_parent_2,client_B,NONE,CAUSAL_LINEAGE_PRESERVED,
17,WRITES_FOLLOW_READS,network_partition,P5,"Intra-Majority (M -> M, W1=ONE, R=ONE)",M,cassandra1,ONE,M,cassandra2,ONE,M,cassandra1,QUORUM,wfr_part_p5_17_1790421145882082000_7038,1,True,2,1,FRESH_READ,True,3,2,3,v3_clientB_parent_2,client_B,NONE,CAUSAL_LINEAGE_PRESERVED,
18,WRITES_FOLLOW_READS,network_partition,P5,"Intra-Majority (M -> M, W1=ONE, R=ONE)",M,cassandra1,ONE,M,cassandra2,ONE,M,cassandra1,QUORUM,wfr_part_p5_18_1790421155239653500_9062,1,True,2,1,FRESH_READ,True,3,2,3,v3_clientB_parent_2,client_B,NONE,CAUSAL_LINEAGE_PRESERVED,
19,WRITES_FOLLOW_READS,network_partition,P5,"Intra-Majority (M -> M, W1=ONE, R=ONE)",M,cassandra1,ONE,M,cassandra1,ONE,M,cassandra1,QUORUM,wfr_part_p5_19_1790421164572365000_5898,1,True,2,1,FRESH_READ,True,3,2,3,v3_clientB_parent_2,client_B,NONE,CAUSAL_LINEAGE_PRESERVED,
20,WRITES_FOLLOW_READS,network_partition,P5,"Intra-Majority (M -> M, W1=ONE, R=ONE)",M,cassandra1,ONE,M,cassandra2,ONE,M,cassandra2,QUORUM,wfr_part_p5_20_1790421173866037100_4041,1,True,2,1,FRESH_READ,True,3,2,3,v3_clientB_parent_2,client_B,NONE,CAUSAL_LINEAGE_PRESERVED,
1,WRITES_FOLLOW_READS,network_partition,P6,"Availability Boundary (M, W1=ALL)",M,cassandra1,ALL,M,cassandra1,ONE,M,cassandra2,QUORUM,wfr_part_p6_1_1790421183158145500_9148,1,False,,,NONE,False,,,,,,WRITE_TIMEOUT,OPERATION_FAILURE,"WRITE_TIMEOUT: WriteTimeout: Error from server: code=1100 [Coordinator node timed out waiting for replica nodes' responses] message=""Operation timed out - received only 2 responses."" info={'consistency': 'ALL', 'required_responses': 3, 'received_responses': 2, 'write_type': 'SIMPLE'}"
2,WRITES_FOLLOW_READS,network_partition,P6,"Availability Boundary (M, W1=ALL)",M,cassandra1,ALL,M,cassandra1,ONE,M,cassandra1,QUORUM,wfr_part_p6_2_1790421194440467300_7849,1,False,,,NONE,False,,,,,,WRITE_TIMEOUT,OPERATION_FAILURE,"WRITE_TIMEOUT: WriteTimeout: Error from server: code=1100 [Coordinator node timed out waiting for replica nodes' responses] message=""Operation timed out - received only 2 responses."" info={'consistency': 'ALL', 'required_responses': 3, 'received_responses': 2, 'write_type': 'SIMPLE'}"
3,WRITES_FOLLOW_READS,network_partition,P6,"Availability Boundary (M, W1=ALL)",M,cassandra2,ALL,M,cassandra1,ONE,M,cassandra2,QUORUM,wfr_part_p6_3_1790421205608124000_8109,1,False,,,NONE,False,,,,,,WRITE_TIMEOUT,OPERATION_FAILURE,"WRITE_TIMEOUT: WriteTimeout: Error from server: code=1100 [Coordinator node timed out waiting for replica nodes' responses] message=""Operation timed out - received only 2 responses."" info={'consistency': 'ALL', 'required_responses': 3, 'received_responses': 2, 'write_type': 'SIMPLE'}"
4,WRITES_FOLLOW_READS,network_partition,P6,"Availability Boundary (M, W1=ALL)",M,cassandra1,ALL,M,cassandra1,ONE,M,cassandra2,QUORUM,wfr_part_p6_4_1790421216755044400_6837,1,False,,,NONE,False,,,,,,WRITE_TIMEOUT,OPERATION_FAILURE,"WRITE_TIMEOUT: WriteTimeout: Error from server: code=1100 [Coordinator node timed out waiting for replica nodes' responses] message=""Operation timed out - received only 2 responses."" info={'consistency': 'ALL', 'required_responses': 3, 'received_responses': 2, 'write_type': 'SIMPLE'}"
5,WRITES_FOLLOW_READS,network_partition,P6,"Availability Boundary (M, W1=ALL)",M,cassandra2,ALL,M,cassandra2,ONE,M,cassandra1,QUORUM,wfr_part_p6_5_1790421228031318100_8622,1,False,,,NONE,False,,,,,,WRITE_TIMEOUT,OPERATION_FAILURE,"WRITE_TIMEOUT: WriteTimeout: Error from server: code=1100 [Coordinator node timed out waiting for replica nodes' responses] message=""Operation timed out - received only 2 responses."" info={'consistency': 'ALL', 'required_responses': 3, 'received_responses': 2, 'write_type': 'SIMPLE'}"
6,WRITES_FOLLOW_READS,network_partition,P6,"Availability Boundary (M, W1=ALL)",M,cassandra2,ALL,M,cassandra2,ONE,M,cassandra1,QUORUM,wfr_part_p6_6_1790421239086798500_4930,1,False,,,NONE,False,,,,,,WRITE_TIMEOUT,OPERATION_FAILURE,"WRITE_TIMEOUT: WriteTimeout: Error from server: code=1100 [Coordinator node timed out waiting for replica nodes' responses] message=""Operation timed out - received only 2 responses."" info={'consistency': 'ALL', 'required_responses': 3, 'received_responses': 2, 'write_type': 'SIMPLE'}"
7,WRITES_FOLLOW_READS,network_partition,P6,"Availability Boundary (M, W1=ALL)",M,cassandra1,ALL,M,cassandra1,ONE,M,cassandra1,QUORUM,wfr_part_p6_7_1790421250172108300_7283,1,False,,,NONE,False,,,,,,WRITE_TIMEOUT,OPERATION_FAILURE,"WRITE_TIMEOUT: WriteTimeout: Error from server: code=1100 [Coordinator node timed out waiting for replica nodes' responses] message=""Operation timed out - received only 2 responses."" info={'consistency': 'ALL', 'required_responses': 3, 'received_responses': 2, 'write_type': 'SIMPLE'}"
8,WRITES_FOLLOW_READS,network_partition,P6,"Availability Boundary (M, W1=ALL)",M,cassandra2,ALL,M,cassandra2,ONE,M,cassandra1,QUORUM,wfr_part_p6_8_1790421261263230800_1908,1,False,,,NONE,False,,,,,,WRITE_TIMEOUT,OPERATION_FAILURE,"WRITE_TIMEOUT: WriteTimeout: Error from server: code=1100 [Coordinator node timed out waiting for replica nodes' responses] message=""Operation timed out - received only 2 responses."" info={'consistency': 'ALL', 'required_responses': 3, 'received_responses': 2, 'write_type': 'SIMPLE'}"
9,WRITES_FOLLOW_READS,network_partition,P6,"Availability Boundary (M, W1=ALL)",M,cassandra1,ALL,M,cassandra2,ONE,M,cassandra1,QUORUM,wfr_part_p6_9_1790421272233973000_8128,1,False,,,NONE,False,,,,,,WRITE_TIMEOUT,OPERATION_FAILURE,"WRITE_TIMEOUT: WriteTimeout: Error from server: code=1100 [Coordinator node timed out waiting for replica nodes' responses] message=""Operation timed out - received only 2 responses."" info={'consistency': 'ALL', 'required_responses': 3, 'received_responses': 2, 'write_type': 'SIMPLE'}"
10,WRITES_FOLLOW_READS,network_partition,P6,"Availability Boundary (M, W1=ALL)",M,cassandra1,ALL,M,cassandra1,ONE,M,cassandra1,QUORUM,wfr_part_p6_10_1790421283242511300_2416,1,False,,,NONE,False,,,,,,WRITE_TIMEOUT,OPERATION_FAILURE,"WRITE_TIMEOUT: WriteTimeout: Error from server: code=1100 [Coordinator node timed out waiting for replica nodes' responses] message=""Operation timed out - received only 2 responses."" info={'consistency': 'ALL', 'required_responses': 3, 'received_responses': 2, 'write_type': 'SIMPLE'}"
11,WRITES_FOLLOW_READS,network_partition,P6,"Availability Boundary (M, W1=ALL)",M,cassandra1,ALL,M,cassandra1,ONE,M,cassandra2,QUORUM,wfr_part_p6_11_1790421294373459100_4127,1,False,,,NONE,False,,,,,,WRITE_TIMEOUT,OPERATION_FAILURE,"WRITE_TIMEOUT: WriteTimeout: Error from server: code=1100 [Coordinator node timed out waiting for replica nodes' responses] message=""Operation timed out - received only 2 responses."" info={'consistency': 'ALL', 'required_responses': 3, 'received_responses': 2, 'write_type': 'SIMPLE'}"
12,WRITES_FOLLOW_READS,network_partition,P6,"Availability Boundary (M, W1=ALL)",M,cassandra2,ALL,M,cassandra1,ONE,M,cassandra1,QUORUM,wfr_part_p6_12_1790421305378343900_5484,1,False,,,NONE,False,,,,,,WRITE_TIMEOUT,OPERATION_FAILURE,"WRITE_TIMEOUT: WriteTimeout: Error from server: code=1100 [Coordinator node timed out waiting for replica nodes' responses] message=""Operation timed out - received only 2 responses."" info={'consistency': 'ALL', 'required_responses': 3, 'received_responses': 2, 'write_type': 'SIMPLE'}"
13,WRITES_FOLLOW_READS,network_partition,P6,"Availability Boundary (M, W1=ALL)",M,cassandra2,ALL,M,cassandra2,ONE,M,cassandra2,QUORUM,wfr_part_p6_13_1790421316471176800_9774,1,False,,,NONE,False,,,,,,WRITE_TIMEOUT,OPERATION_FAILURE,"WRITE_TIMEOUT: WriteTimeout: Error from server: code=1100 [Coordinator node timed out waiting for replica nodes' responses] message=""Operation timed out - received only 2 responses."" info={'consistency': 'ALL', 'required_responses': 3, 'received_responses': 2, 'write_type': 'SIMPLE'}"
14,WRITES_FOLLOW_READS,network_partition,P6,"Availability Boundary (M, W1=ALL)",M,cassandra1,ALL,M,cassandra2,ONE,M,cassandra1,QUORUM,wfr_part_p6_14_1790421327505401500_9310,1,False,,,NONE,False,,,,,,WRITE_TIMEOUT,OPERATION_FAILURE,"WRITE_TIMEOUT: WriteTimeout: Error from server: code=1100 [Coordinator node timed out waiting for replica nodes' responses] message=""Operation timed out - received only 2 responses."" info={'consistency': 'ALL', 'required_responses': 3, 'received_responses': 2, 'write_type': 'SIMPLE'}"
15,WRITES_FOLLOW_READS,network_partition,P6,"Availability Boundary (M, W1=ALL)",M,cassandra2,ALL,M,cassandra2,ONE,M,cassandra2,QUORUM,wfr_part_p6_15_1790421338418119000_5965,1,False,,,NONE,False,,,,,,WRITE_TIMEOUT,OPERATION_FAILURE,"WRITE_TIMEOUT: WriteTimeout: Error from server: code=1100 [Coordinator node timed out waiting for replica nodes' responses] message=""Operation timed out - received only 2 responses."" info={'consistency': 'ALL', 'required_responses': 3, 'received_responses': 2, 'write_type': 'SIMPLE'}"
16,WRITES_FOLLOW_READS,network_partition,P6,"Availability Boundary (M, W1=ALL)",M,cassandra2,ALL,M,cassandra1,ONE,M,cassandra2,QUORUM,wfr_part_p6_16_1790421349462038900_2840,1,False,,,NONE,False,,,,,,WRITE_TIMEOUT,OPERATION_FAILURE,"WRITE_TIMEOUT: WriteTimeout: Error from server: code=1100 [Coordinator node timed out waiting for replica nodes' responses] message=""Operation timed out - received only 2 responses."" info={'consistency': 'ALL', 'required_responses': 3, 'received_responses': 2, 'write_type': 'SIMPLE'}"
17,WRITES_FOLLOW_READS,network_partition,P6,"Availability Boundary (M, W1=ALL)",M,cassandra1,ALL,M,cassandra1,ONE,M,cassandra1,QUORUM,wfr_part_p6_17_1790421360578168400_1798,1,False,,,NONE,False,,,,,,WRITE_TIMEOUT,OPERATION_FAILURE,"WRITE_TIMEOUT: WriteTimeout: Error from server: code=1100 [Coordinator node timed out waiting for replica nodes' responses] message=""Operation timed out - received only 2 responses."" info={'consistency': 'ALL', 'required_responses': 3, 'received_responses': 2, 'write_type': 'SIMPLE'}"
18,WRITES_FOLLOW_READS,network_partition,P6,"Availability Boundary (M, W1=ALL)",M,cassandra1,ALL,M,cassandra2,ONE,M,cassandra2,QUORUM,wfr_part_p6_18_1790421371609087600_2306,1,False,,,NONE,False,,,,,,WRITE_TIMEOUT,OPERATION_FAILURE,"WRITE_TIMEOUT: WriteTimeout: Error from server: code=1100 [Coordinator node timed out waiting for replica nodes' responses] message=""Operation timed out - received only 2 responses."" info={'consistency': 'ALL', 'required_responses': 3, 'received_responses': 2, 'write_type': 'SIMPLE'}"
19,WRITES_FOLLOW_READS,network_partition,P6,"Availability Boundary (M, W1=ALL)",M,cassandra2,ALL,M,cassandra1,ONE,M,cassandra2,QUORUM,wfr_part_p6_19_1790421382664967100_6669,1,False,,,NONE,False,,,,,,WRITE_TIMEOUT,OPERATION_FAILURE,"WRITE_TIMEOUT: WriteTimeout: Error from server: code=1100 [Coordinator node timed out waiting for replica nodes' responses] message=""Operation timed out - received only 2 responses."" info={'consistency': 'ALL', 'required_responses': 3, 'received_responses': 2, 'write_type': 'SIMPLE'}"
20,WRITES_FOLLOW_READS,network_partition,P6,"Availability Boundary (M, W1=ALL)",M,cassandra1,ALL,M,cassandra2,ONE,M,cassandra1,QUORUM,wfr_part_p6_20_1790421393592475600_7538,1,False,,,NONE,False,,,,,,WRITE_TIMEOUT,OPERATION_FAILURE,"WRITE_TIMEOUT: WriteTimeout: Error from server: code=1100 [Coordinator node timed out waiting for replica nodes' responses] message=""Operation timed out - received only 2 responses."" info={'consistency': 'ALL', 'required_responses': 3, 'received_responses': 2, 'write_type': 'SIMPLE'}"
1,WRITES_FOLLOW_READS,network_partition,P7,"Availability Boundary (M, Read=ALL)",M,cassandra1,QUORUM,M,cassandra2,ALL,M,cassandra1,QUORUM,wfr_part_p7_1_1790421404597398900_8422,1,True,,,NONE,False,,,,,,READ_TIMEOUT,OPERATION_FAILURE,"READ_TIMEOUT: ReadTimeout: Error from server: code=1200 [Coordinator node timed out waiting for replica nodes' responses] message=""Operation timed out - received only 2 responses."" info={'consistency': 'ALL', 'required_responses': 3, 'received_responses': 2}"
2,WRITES_FOLLOW_READS,network_partition,P7,"Availability Boundary (M, Read=ALL)",M,cassandra1,QUORUM,M,cassandra1,ALL,M,cassandra2,QUORUM,wfr_part_p7_2_1790421418719903300_6585,1,True,,,NONE,False,,,,,,READ_TIMEOUT,OPERATION_FAILURE,"READ_TIMEOUT: ReadTimeout: Error from server: code=1200 [Coordinator node timed out waiting for replica nodes' responses] message=""Operation timed out - received only 2 responses."" info={'consistency': 'ALL', 'required_responses': 3, 'received_responses': 2}"
3,WRITES_FOLLOW_READS,network_partition,P7,"Availability Boundary (M, Read=ALL)",M,cassandra1,QUORUM,M,cassandra2,ALL,M,cassandra2,QUORUM,wfr_part_p7_3_1790421432746733800_8702,1,True,,,NONE,False,,,,,,READ_TIMEOUT,OPERATION_FAILURE,"READ_TIMEOUT: ReadTimeout: Error from server: code=1200 [Coordinator node timed out waiting for replica nodes' responses] message=""Operation timed out - received only 2 responses."" info={'consistency': 'ALL', 'required_responses': 3, 'received_responses': 2}"
4,WRITES_FOLLOW_READS,network_partition,P7,"Availability Boundary (M, Read=ALL)",M,cassandra2,QUORUM,M,cassandra1,ALL,M,cassandra2,QUORUM,wfr_part_p7_4_1790421446728023800_7904,1,True,,,NONE,False,,,,,,READ_TIMEOUT,OPERATION_FAILURE,"READ_TIMEOUT: ReadTimeout: Error from server: code=1200 [Coordinator node timed out waiting for replica nodes' responses] message=""Operation timed out - received only 2 responses."" info={'consistency': 'ALL', 'required_responses': 3, 'received_responses': 2}"
5,WRITES_FOLLOW_READS,network_partition,P7,"Availability Boundary (M, Read=ALL)",M,cassandra2,QUORUM,M,cassandra1,ALL,M,cassandra1,QUORUM,wfr_part_p7_5_1790421460803263700_4883,1,True,,,NONE,False,,,,,,READ_TIMEOUT,OPERATION_FAILURE,"READ_TIMEOUT: ReadTimeout: Error from server: code=1200 [Coordinator node timed out waiting for replica nodes' responses] message=""Operation timed out - received only 2 responses."" info={'consistency': 'ALL', 'required_responses': 3, 'received_responses': 2}"
6,WRITES_FOLLOW_READS,network_partition,P7,"Availability Boundary (M, Read=ALL)",M,cassandra1,QUORUM,M,cassandra2,ALL,M,cassandra1,QUORUM,wfr_part_p7_6_1790421474959018400_3558,1,True,,,NONE,False,,,,,,READ_TIMEOUT,OPERATION_FAILURE,"READ_TIMEOUT: ReadTimeout: Error from server: code=1200 [Coordinator node timed out waiting for replica nodes' responses] message=""Operation timed out - received only 2 responses."" info={'consistency': 'ALL', 'required_responses': 3, 'received_responses': 2}"
7,WRITES_FOLLOW_READS,network_partition,P7,"Availability Boundary (M, Read=ALL)",M,cassandra1,QUORUM,M,cassandra2,ALL,M,cassandra2,QUORUM,wfr_part_p7_7_1790421488979018400_8758,1,True,,,NONE,False,,,,,,READ_TIMEOUT,OPERATION_FAILURE,"READ_TIMEOUT: ReadTimeout: Error from server: code=1200 [Coordinator node timed out waiting for replica nodes' responses] message=""Operation timed out - received only 2 responses."" info={'consistency': 'ALL', 'required_responses': 3, 'received_responses': 2}"
8,WRITES_FOLLOW_READS,network_partition,P7,"Availability Boundary (M, Read=ALL)",M,cassandra2,QUORUM,M,cassandra1,ALL,M,cassandra1,QUORUM,wfr_part_p7_8_1790421503199972900_5282,1,True,,,NONE,False,,,,,,READ_TIMEOUT,OPERATION_FAILURE,"READ_TIMEOUT: ReadTimeout: Error from server: code=1200 [Coordinator node timed out waiting for replica nodes' responses] message=""Operation timed out - received only 2 responses."" info={'consistency': 'ALL', 'required_responses': 3, 'received_responses': 2}"
9,WRITES_FOLLOW_READS,network_partition,P7,"Availability Boundary (M, Read=ALL)",M,cassandra1,QUORUM,M,cassandra2,ALL,M,cassandra1,QUORUM,wfr_part_p7_9_1790421517152514800_4295,1,True,,,NONE,False,,,,,,READ_TIMEOUT,OPERATION_FAILURE,"READ_TIMEOUT: ReadTimeout: Error from server: code=1200 [Coordinator node timed out waiting for replica nodes' responses] message=""Operation timed out - received only 2 responses."" info={'consistency': 'ALL', 'required_responses': 3, 'received_responses': 2}"
10,WRITES_FOLLOW_READS,network_partition,P7,"Availability Boundary (M, Read=ALL)",M,cassandra1,QUORUM,M,cassandra2,ALL,M,cassandra1,QUORUM,wfr_part_p7_10_1790421531211837800_2672,1,True,,,NONE,False,,,,,,READ_TIMEOUT,OPERATION_FAILURE,"READ_TIMEOUT: ReadTimeout: Error from server: code=1200 [Coordinator node timed out waiting for replica nodes' responses] message=""Operation timed out - received only 2 responses."" info={'consistency': 'ALL', 'required_responses': 3, 'received_responses': 2}"
11,WRITES_FOLLOW_READS,network_partition,P7,"Availability Boundary (M, Read=ALL)",M,cassandra2,QUORUM,M,cassandra2,ALL,M,cassandra1,QUORUM,wfr_part_p7_11_1790421545172803900_9221,1,True,,,NONE,False,,,,,,READ_TIMEOUT,OPERATION_FAILURE,"READ_TIMEOUT: ReadTimeout: Error from server: code=1200 [Coordinator node timed out waiting for replica nodes' responses] message=""Operation timed out - received only 2 responses."" info={'consistency': 'ALL', 'required_responses': 3, 'received_responses': 2}"
12,WRITES_FOLLOW_READS,network_partition,P7,"Availability Boundary (M, Read=ALL)",M,cassandra2,QUORUM,M,cassandra1,ALL,M,cassandra2,QUORUM,wfr_part_p7_12_1790421559358976000_4422,1,True,,,NONE,False,,,,,,READ_TIMEOUT,OPERATION_FAILURE,"READ_TIMEOUT: ReadTimeout: Error from server: code=1200 [Coordinator node timed out waiting for replica nodes' responses] message=""Operation timed out - received only 2 responses."" info={'consistency': 'ALL', 'required_responses': 3, 'received_responses': 2}"
13,WRITES_FOLLOW_READS,network_partition,P7,"Availability Boundary (M, Read=ALL)",M,cassandra2,QUORUM,M,cassandra2,ALL,M,cassandra2,QUORUM,wfr_part_p7_13_1790421573602380200_3781,1,True,,,NONE,False,,,,,,READ_TIMEOUT,OPERATION_FAILURE,"READ_TIMEOUT: ReadTimeout: Error from server: code=1200 [Coordinator node timed out waiting for replica nodes' responses] message=""Operation timed out - received only 2 responses."" info={'consistency': 'ALL', 'required_responses': 3, 'received_responses': 2}"
14,WRITES_FOLLOW_READS,network_partition,P7,"Availability Boundary (M, Read=ALL)",M,cassandra2,QUORUM,M,cassandra1,ALL,M,cassandra1,QUORUM,wfr_part_p7_14_1790421587578963400_3580,1,True,,,NONE,False,,,,,,READ_TIMEOUT,OPERATION_FAILURE,"READ_TIMEOUT: ReadTimeout: Error from server: code=1200 [Coordinator node timed out waiting for replica nodes' responses] message=""Operation timed out - received only 2 responses."" info={'consistency': 'ALL', 'required_responses': 3, 'received_responses': 2}"
15,WRITES_FOLLOW_READS,network_partition,P7,"Availability Boundary (M, Read=ALL)",M,cassandra2,QUORUM,M,cassandra2,ALL,M,cassandra1,QUORUM,wfr_part_p7_15_1790421601828285800_5113,1,True,,,NONE,False,,,,,,READ_TIMEOUT,OPERATION_FAILURE,"READ_TIMEOUT: ReadTimeout: Error from server: code=1200 [Coordinator node timed out waiting for replica nodes' responses] message=""Operation timed out - received only 2 responses."" info={'consistency': 'ALL', 'required_responses': 3, 'received_responses': 2}"
16,WRITES_FOLLOW_READS,network_partition,P7,"Availability Boundary (M, Read=ALL)",M,cassandra2,QUORUM,M,cassandra1,ALL,M,cassandra2,QUORUM,wfr_part_p7_16_1790421615762428300_2470,1,True,,,NONE,False,,,,,,READ_TIMEOUT,OPERATION_FAILURE,"READ_TIMEOUT: ReadTimeout: Error from server: code=1200 [Coordinator node timed out waiting for replica nodes' responses] message=""Operation timed out - received only 2 responses."" info={'consistency': 'ALL', 'required_responses': 3, 'received_responses': 2}"
17,WRITES_FOLLOW_READS,network_partition,P7,"Availability Boundary (M, Read=ALL)",M,cassandra2,QUORUM,M,cassandra2,ALL,M,cassandra2,QUORUM,wfr_part_p7_17_1790421629886978900_6673,1,True,,,NONE,False,,,,,,READ_TIMEOUT,OPERATION_FAILURE,"READ_TIMEOUT: ReadTimeout: Error from server: code=1200 [Coordinator node timed out waiting for replica nodes' responses] message=""Operation timed out - received only 2 responses."" info={'consistency': 'ALL', 'required_responses': 3, 'received_responses': 2}"
18,WRITES_FOLLOW_READS,network_partition,P7,"Availability Boundary (M, Read=ALL)",M,cassandra2,QUORUM,M,cassandra2,ALL,M,cassandra2,QUORUM,wfr_part_p7_18_1790421643878930600_2475,1,True,,,NONE,False,,,,,,READ_TIMEOUT,OPERATION_FAILURE,"READ_TIMEOUT: ReadTimeout: Error from server: code=1200 [Coordinator node timed out waiting for replica nodes' responses] message=""Operation timed out - received only 2 responses."" info={'consistency': 'ALL', 'required_responses': 3, 'received_responses': 2}"
19,WRITES_FOLLOW_READS,network_partition,P7,"Availability Boundary (M, Read=ALL)",M,cassandra2,QUORUM,M,cassandra1,ALL,M,cassandra2,QUORUM,wfr_part_p7_19_1790421657834527200_3289,1,True,,,NONE,False,,,,,,READ_TIMEOUT,OPERATION_FAILURE,"READ_TIMEOUT: ReadTimeout: Error from server: code=1200 [Coordinator node timed out waiting for replica nodes' responses] message=""Operation timed out - received only 2 responses."" info={'consistency': 'ALL', 'required_responses': 3, 'received_responses': 2}"
20,WRITES_FOLLOW_READS,network_partition,P7,"Availability Boundary (M, Read=ALL)",M,cassandra2,QUORUM,M,cassandra1,ALL,M,cassandra1,QUORUM,wfr_part_p7_20_1790421671782553300_4549,1,True,,,NONE,False,,,,,,READ_TIMEOUT,OPERATION_FAILURE,"READ_TIMEOUT: ReadTimeout: Error from server: code=1200 [Coordinator node timed out waiting for replica nodes' responses] message=""Operation timed out - received only 2 responses."" info={'consistency': 'ALL', 'required_responses': 3, 'received_responses': 2}"
1,WRITES_FOLLOW_READS,network_partition,P8,"Minority Quorum Boundary (I, W1=QUORUM)",I,cassandra3,QUORUM,M,cassandra1,ONE,M,cassandra2,QUORUM,wfr_part_p8_1_1790421685855120200_2338,1,False,,,NONE,False,,,,,,WRITE_TIMEOUT,OPERATION_FAILURE,"WRITE_TIMEOUT: WriteTimeout: Error from server: code=1100 [Coordinator node timed out waiting for replica nodes' responses] message=""Operation timed out - received only 1 responses."" info={'consistency': 'QUORUM', 'required_responses': 2, 'received_responses': 1, 'write_type': 'SIMPLE'}"
2,WRITES_FOLLOW_READS,network_partition,P8,"Minority Quorum Boundary (I, W1=QUORUM)",I,cassandra3,QUORUM,M,cassandra1,ONE,M,cassandra1,QUORUM,wfr_part_p8_2_1790421696855790400_4035,1,False,,,NONE,False,,,,,,WRITE_TIMEOUT,OPERATION_FAILURE,"WRITE_TIMEOUT: WriteTimeout: Error from server: code=1100 [Coordinator node timed out waiting for replica nodes' responses] message=""Operation timed out - received only 1 responses."" info={'consistency': 'QUORUM', 'required_responses': 2, 'received_responses': 1, 'write_type': 'SIMPLE'}"
3,WRITES_FOLLOW_READS,network_partition,P8,"Minority Quorum Boundary (I, W1=QUORUM)",I,cassandra3,QUORUM,M,cassandra1,ONE,M,cassandra1,QUORUM,wfr_part_p8_3_1790421707868146200_8091,1,False,,,NONE,False,,,,,,WRITE_TIMEOUT,OPERATION_FAILURE,"WRITE_TIMEOUT: WriteTimeout: Error from server: code=1100 [Coordinator node timed out waiting for replica nodes' responses] message=""Operation timed out - received only 1 responses."" info={'consistency': 'QUORUM', 'required_responses': 2, 'received_responses': 1, 'write_type': 'SIMPLE'}"
4,WRITES_FOLLOW_READS,network_partition,P8,"Minority Quorum Boundary (I, W1=QUORUM)",I,cassandra3,QUORUM,M,cassandra1,ONE,M,cassandra1,QUORUM,wfr_part_p8_4_1790421718774803200_9885,1,False,,,NONE,False,,,,,,WRITE_TIMEOUT,OPERATION_FAILURE,"WRITE_TIMEOUT: WriteTimeout: Error from server: code=1100 [Coordinator node timed out waiting for replica nodes' responses] message=""Operation timed out - received only 1 responses."" info={'consistency': 'QUORUM', 'required_responses': 2, 'received_responses': 1, 'write_type': 'SIMPLE'}"
5,WRITES_FOLLOW_READS,network_partition,P8,"Minority Quorum Boundary (I, W1=QUORUM)",I,cassandra3,QUORUM,M,cassandra1,ONE,M,cassandra1,QUORUM,wfr_part_p8_5_1790421729710462600_1870,1,False,,,NONE,False,,,,,,WRITE_TIMEOUT,OPERATION_FAILURE,"WRITE_TIMEOUT: WriteTimeout: Error from server: code=1100 [Coordinator node timed out waiting for replica nodes' responses] message=""Operation timed out - received only 1 responses."" info={'consistency': 'QUORUM', 'required_responses': 2, 'received_responses': 1, 'write_type': 'SIMPLE'}"
6,WRITES_FOLLOW_READS,network_partition,P8,"Minority Quorum Boundary (I, W1=QUORUM)",I,cassandra3,QUORUM,M,cassandra1,ONE,M,cassandra2,QUORUM,wfr_part_p8_6_1790421740754757500_2496,1,False,,,NONE,False,,,,,,WRITE_TIMEOUT,OPERATION_FAILURE,"WRITE_TIMEOUT: WriteTimeout: Error from server: code=1100 [Coordinator node timed out waiting for replica nodes' responses] message=""Operation timed out - received only 1 responses."" info={'consistency': 'QUORUM', 'required_responses': 2, 'received_responses': 1, 'write_type': 'SIMPLE'}"
7,WRITES_FOLLOW_READS,network_partition,P8,"Minority Quorum Boundary (I, W1=QUORUM)",I,cassandra3,QUORUM,M,cassandra2,ONE,M,cassandra1,QUORUM,wfr_part_p8_7_1790421751734000500_7370,1,False,,,NONE,False,,,,,,WRITE_TIMEOUT,OPERATION_FAILURE,"WRITE_TIMEOUT: WriteTimeout: Error from server: code=1100 [Coordinator node timed out waiting for replica nodes' responses] message=""Operation timed out - received only 1 responses."" info={'consistency': 'QUORUM', 'required_responses': 2, 'received_responses': 1, 'write_type': 'SIMPLE'}"
8,WRITES_FOLLOW_READS,network_partition,P8,"Minority Quorum Boundary (I, W1=QUORUM)",I,cassandra3,QUORUM,M,cassandra2,ONE,M,cassandra2,QUORUM,wfr_part_p8_8_1790421762838282500_4628,1,False,,,NONE,False,,,,,,WRITE_TIMEOUT,OPERATION_FAILURE,"WRITE_TIMEOUT: WriteTimeout: Error from server: code=1100 [Coordinator node timed out waiting for replica nodes' responses] message=""Operation timed out - received only 1 responses."" info={'consistency': 'QUORUM', 'required_responses': 2, 'received_responses': 1, 'write_type': 'SIMPLE'}"
9,WRITES_FOLLOW_READS,network_partition,P8,"Minority Quorum Boundary (I, W1=QUORUM)",I,cassandra3,QUORUM,M,cassandra2,ONE,M,cassandra1,QUORUM,wfr_part_p8_9_1790421773764431300_7528,1,False,,,NONE,False,,,,,,WRITE_TIMEOUT,OPERATION_FAILURE,"WRITE_TIMEOUT: WriteTimeout: Error from server: code=1100 [Coordinator node timed out waiting for replica nodes' responses] message=""Operation timed out - received only 1 responses."" info={'consistency': 'QUORUM', 'required_responses': 2, 'received_responses': 1, 'write_type': 'SIMPLE'}"
10,WRITES_FOLLOW_READS,network_partition,P8,"Minority Quorum Boundary (I, W1=QUORUM)",I,cassandra3,QUORUM,M,cassandra2,ONE,M,cassandra1,QUORUM,wfr_part_p8_10_1790421784610307300_9046,1,False,,,NONE,False,,,,,,WRITE_TIMEOUT,OPERATION_FAILURE,"WRITE_TIMEOUT: WriteTimeout: Error from server: code=1100 [Coordinator node timed out waiting for replica nodes' responses] message=""Operation timed out - received only 1 responses."" info={'consistency': 'QUORUM', 'required_responses': 2, 'received_responses': 1, 'write_type': 'SIMPLE'}"
11,WRITES_FOLLOW_READS,network_partition,P8,"Minority Quorum Boundary (I, W1=QUORUM)",I,cassandra3,QUORUM,M,cassandra1,ONE,M,cassandra1,QUORUM,wfr_part_p8_11_1790421795533475700_6915,1,False,,,NONE,False,,,,,,WRITE_TIMEOUT,OPERATION_FAILURE,"WRITE_TIMEOUT: WriteTimeout: Error from server: code=1100 [Coordinator node timed out waiting for replica nodes' responses] message=""Operation timed out - received only 1 responses."" info={'consistency': 'QUORUM', 'required_responses': 2, 'received_responses': 1, 'write_type': 'SIMPLE'}"
12,WRITES_FOLLOW_READS,network_partition,P8,"Minority Quorum Boundary (I, W1=QUORUM)",I,cassandra3,QUORUM,M,cassandra2,ONE,M,cassandra1,QUORUM,wfr_part_p8_12_1790421806497469000_8000,1,False,,,NONE,False,,,,,,WRITE_TIMEOUT,OPERATION_FAILURE,"WRITE_TIMEOUT: WriteTimeout: Error from server: code=1100 [Coordinator node timed out waiting for replica nodes' responses] message=""Operation timed out - received only 1 responses."" info={'consistency': 'QUORUM', 'required_responses': 2, 'received_responses': 1, 'write_type': 'SIMPLE'}"
13,WRITES_FOLLOW_READS,network_partition,P8,"Minority Quorum Boundary (I, W1=QUORUM)",I,cassandra3,QUORUM,M,cassandra2,ONE,M,cassandra1,QUORUM,wfr_part_p8_13_1790421817393931800_4876,1,False,,,NONE,False,,,,,,WRITE_TIMEOUT,OPERATION_FAILURE,"WRITE_TIMEOUT: WriteTimeout: Error from server: code=1100 [Coordinator node timed out waiting for replica nodes' responses] message=""Operation timed out - received only 1 responses."" info={'consistency': 'QUORUM', 'required_responses': 2, 'received_responses': 1, 'write_type': 'SIMPLE'}"
14,WRITES_FOLLOW_READS,network_partition,P8,"Minority Quorum Boundary (I, W1=QUORUM)",I,cassandra3,QUORUM,M,cassandra2,ONE,M,cassandra2,QUORUM,wfr_part_p8_14_1790421828561875100_7771,1,False,,,NONE,False,,,,,,WRITE_TIMEOUT,OPERATION_FAILURE,"WRITE_TIMEOUT: WriteTimeout: Error from server: code=1100 [Coordinator node timed out waiting for replica nodes' responses] message=""Operation timed out - received only 1 responses."" info={'consistency': 'QUORUM', 'required_responses': 2, 'received_responses': 1, 'write_type': 'SIMPLE'}"
15,WRITES_FOLLOW_READS,network_partition,P8,"Minority Quorum Boundary (I, W1=QUORUM)",I,cassandra3,QUORUM,M,cassandra1,ONE,M,cassandra1,QUORUM,wfr_part_p8_15_1790421839463961300_5965,1,False,,,NONE,False,,,,,,WRITE_TIMEOUT,OPERATION_FAILURE,"WRITE_TIMEOUT: WriteTimeout: Error from server: code=1100 [Coordinator node timed out waiting for replica nodes' responses] message=""Operation timed out - received only 1 responses."" info={'consistency': 'QUORUM', 'required_responses': 2, 'received_responses': 1, 'write_type': 'SIMPLE'}"
16,WRITES_FOLLOW_READS,network_partition,P8,"Minority Quorum Boundary (I, W1=QUORUM)",I,cassandra3,QUORUM,M,cassandra1,ONE,M,cassandra1,QUORUM,wfr_part_p8_16_1790421850278028500_3655,1,False,,,NONE,False,,,,,,WRITE_TIMEOUT,OPERATION_FAILURE,"WRITE_TIMEOUT: WriteTimeout: Error from server: code=1100 [Coordinator node timed out waiting for replica nodes' responses] message=""Operation timed out - received only 1 responses."" info={'consistency': 'QUORUM', 'required_responses': 2, 'received_responses': 1, 'write_type': 'SIMPLE'}"
17,WRITES_FOLLOW_READS,network_partition,P8,"Minority Quorum Boundary (I, W1=QUORUM)",I,cassandra3,QUORUM,M,cassandra2,ONE,M,cassandra2,QUORUM,wfr_part_p8_17_1790421861296557400_8545,1,False,,,NONE,False,,,,,,WRITE_TIMEOUT,OPERATION_FAILURE,"WRITE_TIMEOUT: WriteTimeout: Error from server: code=1100 [Coordinator node timed out waiting for replica nodes' responses] message=""Operation timed out - received only 1 responses."" info={'consistency': 'QUORUM', 'required_responses': 2, 'received_responses': 1, 'write_type': 'SIMPLE'}"
18,WRITES_FOLLOW_READS,network_partition,P8,"Minority Quorum Boundary (I, W1=QUORUM)",I,cassandra3,QUORUM,M,cassandra2,ONE,M,cassandra2,QUORUM,wfr_part_p8_18_1790421872420379400_1860,1,False,,,NONE,False,,,,,,WRITE_TIMEOUT,OPERATION_FAILURE,"WRITE_TIMEOUT: WriteTimeout: Error from server: code=1100 [Coordinator node timed out waiting for replica nodes' responses] message=""Operation timed out - received only 1 responses."" info={'consistency': 'QUORUM', 'required_responses': 2, 'received_responses': 1, 'write_type': 'SIMPLE'}"
19,WRITES_FOLLOW_READS,network_partition,P8,"Minority Quorum Boundary (I, W1=QUORUM)",I,cassandra3,QUORUM,M,cassandra1,ONE,M,cassandra2,QUORUM,wfr_part_p8_19_1790421883488318000_8422,1,False,,,NONE,False,,,,,,WRITE_TIMEOUT,OPERATION_FAILURE,"WRITE_TIMEOUT: WriteTimeout: Error from server: code=1100 [Coordinator node timed out waiting for replica nodes' responses] message=""Operation timed out - received only 1 responses."" info={'consistency': 'QUORUM', 'required_responses': 2, 'received_responses': 1, 'write_type': 'SIMPLE'}"
20,WRITES_FOLLOW_READS,network_partition,P8,"Minority Quorum Boundary (I, W1=QUORUM)",I,cassandra3,QUORUM,M,cassandra2,ONE,M,cassandra1,QUORUM,wfr_part_p8_20_1790421894560264000_3481,1,False,,,NONE,False,,,,,,WRITE_TIMEOUT,OPERATION_FAILURE,"WRITE_TIMEOUT: WriteTimeout: Error from server: code=1100 [Coordinator node timed out waiting for replica nodes' responses] message=""Operation timed out - received only 1 responses."" info={'consistency': 'QUORUM', 'required_responses': 2, 'received_responses': 1, 'write_type': 'SIMPLE'}"
1,WRITES_FOLLOW_READS,network_partition,P9,"Minority Causal Trap (I, W2=QUORUM)",M,cassandra1,QUORUM,I,cassandra3,ONE,I,cassandra3,QUORUM,wfr_part_p9_1_1790421905766129600_8666,1,True,1,0,STALE_READ,False,2,1,,,,WRITE_TIMEOUT,OPERATION_FAILURE,"WRITE_TIMEOUT: WriteTimeout: Error from server: code=1100 [Coordinator node timed out waiting for replica nodes' responses] message=""Operation timed out - received only 1 responses."" info={'consistency': 'QUORUM', 'required_responses': 2, 'received_responses': 1, 'write_type': 'SIMPLE'}"
2,WRITES_FOLLOW_READS,network_partition,P9,"Minority Causal Trap (I, W2=QUORUM)",M,cassandra2,QUORUM,I,cassandra3,ONE,I,cassandra3,QUORUM,wfr_part_p9_2_1790421916785240900_1902,1,True,1,0,STALE_READ,False,2,1,,,,WRITE_TIMEOUT,OPERATION_FAILURE,"WRITE_TIMEOUT: WriteTimeout: Error from server: code=1100 [Coordinator node timed out waiting for replica nodes' responses] message=""Operation timed out - received only 1 responses."" info={'consistency': 'QUORUM', 'required_responses': 2, 'received_responses': 1, 'write_type': 'SIMPLE'}"
3,WRITES_FOLLOW_READS,network_partition,P9,"Minority Causal Trap (I, W2=QUORUM)",M,cassandra1,QUORUM,I,cassandra3,ONE,I,cassandra3,QUORUM,wfr_part_p9_3_1790421927979129900_7607,1,True,1,0,STALE_READ,False,2,1,,,,WRITE_TIMEOUT,OPERATION_FAILURE,"WRITE_TIMEOUT: WriteTimeout: Error from server: code=1100 [Coordinator node timed out waiting for replica nodes' responses] message=""Operation timed out - received only 1 responses."" info={'consistency': 'QUORUM', 'required_responses': 2, 'received_responses': 1, 'write_type': 'SIMPLE'}"
4,WRITES_FOLLOW_READS,network_partition,P9,"Minority Causal Trap (I, W2=QUORUM)",M,cassandra1,QUORUM,I,cassandra3,ONE,I,cassandra3,QUORUM,wfr_part_p9_4_1790421939183364500_6671,1,True,1,0,STALE_READ,False,2,1,,,,WRITE_TIMEOUT,OPERATION_FAILURE,"WRITE_TIMEOUT: WriteTimeout: Error from server: code=1100 [Coordinator node timed out waiting for replica nodes' responses] message=""Operation timed out - received only 1 responses."" info={'consistency': 'QUORUM', 'required_responses': 2, 'received_responses': 1, 'write_type': 'SIMPLE'}"
5,WRITES_FOLLOW_READS,network_partition,P9,"Minority Causal Trap (I, W2=QUORUM)",M,cassandra2,QUORUM,I,cassandra3,ONE,I,cassandra3,QUORUM,wfr_part_p9_5_1790421950673039800_5469,1,True,1,0,STALE_READ,False,2,1,,,,WRITE_TIMEOUT,OPERATION_FAILURE,"WRITE_TIMEOUT: WriteTimeout: Error from server: code=1100 [Coordinator node timed out waiting for replica nodes' responses] message=""Operation timed out - received only 1 responses."" info={'consistency': 'QUORUM', 'required_responses': 2, 'received_responses': 1, 'write_type': 'SIMPLE'}"
6,WRITES_FOLLOW_READS,network_partition,P9,"Minority Causal Trap (I, W2=QUORUM)",M,cassandra2,QUORUM,I,cassandra3,ONE,I,cassandra3,QUORUM,wfr_part_p9_6_1790421962794350600_6277,1,True,1,0,STALE_READ,False,2,1,,,,WRITE_TIMEOUT,OPERATION_FAILURE,"WRITE_TIMEOUT: WriteTimeout: Error from server: code=1100 [Coordinator node timed out waiting for replica nodes' responses] message=""Operation timed out - received only 1 responses."" info={'consistency': 'QUORUM', 'required_responses': 2, 'received_responses': 1, 'write_type': 'SIMPLE'}"
7,WRITES_FOLLOW_READS,network_partition,P9,"Minority Causal Trap (I, W2=QUORUM)",M,cassandra2,QUORUM,I,cassandra3,ONE,I,cassandra3,QUORUM,wfr_part_p9_7_1790421973992415600_4710,1,True,1,0,STALE_READ,False,2,1,,,,WRITE_TIMEOUT,OPERATION_FAILURE,"WRITE_TIMEOUT: WriteTimeout: Error from server: code=1100 [Coordinator node timed out waiting for replica nodes' responses] message=""Operation timed out - received only 1 responses."" info={'consistency': 'QUORUM', 'required_responses': 2, 'received_responses': 1, 'write_type': 'SIMPLE'}"
8,WRITES_FOLLOW_READS,network_partition,P9,"Minority Causal Trap (I, W2=QUORUM)",M,cassandra1,QUORUM,I,cassandra3,ONE,I,cassandra3,QUORUM,wfr_part_p9_8_1790421985256495400_2372,1,True,1,0,STALE_READ,False,2,1,,,,WRITE_TIMEOUT,OPERATION_FAILURE,"WRITE_TIMEOUT: WriteTimeout: Error from server: code=1100 [Coordinator node timed out waiting for replica nodes' responses] message=""Operation timed out - received only 1 responses."" info={'consistency': 'QUORUM', 'required_responses': 2, 'received_responses': 1, 'write_type': 'SIMPLE'}"
9,WRITES_FOLLOW_READS,network_partition,P9,"Minority Causal Trap (I, W2=QUORUM)",M,cassandra1,QUORUM,I,cassandra3,ONE,I,cassandra3,QUORUM,wfr_part_p9_9_1790421996463729600_1358,1,True,1,0,STALE_READ,False,2,1,,,,WRITE_TIMEOUT,OPERATION_FAILURE,"WRITE_TIMEOUT: WriteTimeout: Error from server: code=1100 [Coordinator node timed out waiting for replica nodes' responses] message=""Operation timed out - received only 1 responses."" info={'consistency': 'QUORUM', 'required_responses': 2, 'received_responses': 1, 'write_type': 'SIMPLE'}"
10,WRITES_FOLLOW_READS,network_partition,P9,"Minority Causal Trap (I, W2=QUORUM)",M,cassandra2,QUORUM,I,cassandra3,ONE,I,cassandra3,QUORUM,wfr_part_p9_10_1790422007708472600_9728,1,True,1,0,STALE_READ,False,2,1,,,,WRITE_TIMEOUT,OPERATION_FAILURE,"WRITE_TIMEOUT: WriteTimeout: Error from server: code=1100 [Coordinator node timed out waiting for replica nodes' responses] message=""Operation timed out - received only 1 responses."" info={'consistency': 'QUORUM', 'required_responses': 2, 'received_responses': 1, 'write_type': 'SIMPLE'}"
11,WRITES_FOLLOW_READS,network_partition,P9,"Minority Causal Trap (I, W2=QUORUM)",M,cassandra1,QUORUM,I,cassandra3,ONE,I,cassandra3,QUORUM,wfr_part_p9_11_1790422019155474700_5672,1,True,1,0,STALE_READ,False,2,1,,,,WRITE_TIMEOUT,OPERATION_FAILURE,"WRITE_TIMEOUT: WriteTimeout: Error from server: code=1100 [Coordinator node timed out waiting for replica nodes' responses] message=""Operation timed out - received only 1 responses."" info={'consistency': 'QUORUM', 'required_responses': 2, 'received_responses': 1, 'write_type': 'SIMPLE'}"
12,WRITES_FOLLOW_READS,network_partition,P9,"Minority Causal Trap (I, W2=QUORUM)",M,cassandra2,QUORUM,I,cassandra3,ONE,I,cassandra3,QUORUM,wfr_part_p9_12_1790422030732981500_3430,1,True,1,0,STALE_READ,False,2,1,,,,WRITE_TIMEOUT,OPERATION_FAILURE,"WRITE_TIMEOUT: WriteTimeout: Error from server: code=1100 [Coordinator node timed out waiting for replica nodes' responses] message=""Operation timed out - received only 1 responses."" info={'consistency': 'QUORUM', 'required_responses': 2, 'received_responses': 1, 'write_type': 'SIMPLE'}"
13,WRITES_FOLLOW_READS,network_partition,P9,"Minority Causal Trap (I, W2=QUORUM)",M,cassandra1,QUORUM,I,cassandra3,ONE,I,cassandra3,QUORUM,wfr_part_p9_13_1790422042062333100_6505,1,True,1,0,STALE_READ,False,2,1,,,,WRITE_TIMEOUT,OPERATION_FAILURE,"WRITE_TIMEOUT: WriteTimeout: Error from server: code=1100 [Coordinator node timed out waiting for replica nodes' responses] message=""Operation timed out - received only 1 responses."" info={'consistency': 'QUORUM', 'required_responses': 2, 'received_responses': 1, 'write_type': 'SIMPLE'}"
14,WRITES_FOLLOW_READS,network_partition,P9,"Minority Causal Trap (I, W2=QUORUM)",M,cassandra2,QUORUM,I,cassandra3,ONE,I,cassandra3,QUORUM,wfr_part_p9_14_1790422053396456000_3189,1,True,1,0,STALE_READ,False,2,1,,,,WRITE_TIMEOUT,OPERATION_FAILURE,"WRITE_TIMEOUT: WriteTimeout: Error from server: code=1100 [Coordinator node timed out waiting for replica nodes' responses] message=""Operation timed out - received only 1 responses."" info={'consistency': 'QUORUM', 'required_responses': 2, 'received_responses': 1, 'write_type': 'SIMPLE'}"
15,WRITES_FOLLOW_READS,network_partition,P9,"Minority Causal Trap (I, W2=QUORUM)",M,cassandra1,QUORUM,I,cassandra3,ONE,I,cassandra3,QUORUM,wfr_part_p9_15_1790422064729558100_7321,1,True,1,0,STALE_READ,False,2,1,,,,WRITE_TIMEOUT,OPERATION_FAILURE,"WRITE_TIMEOUT: WriteTimeout: Error from server: code=1100 [Coordinator node timed out waiting for replica nodes' responses] message=""Operation timed out - received only 1 responses."" info={'consistency': 'QUORUM', 'required_responses': 2, 'received_responses': 1, 'write_type': 'SIMPLE'}"
16,WRITES_FOLLOW_READS,network_partition,P9,"Minority Causal Trap (I, W2=QUORUM)",M,cassandra2,QUORUM,I,cassandra3,ONE,I,cassandra3,QUORUM,wfr_part_p9_16_1790422076124235500_7370,1,True,1,0,STALE_READ,False,2,1,,,,WRITE_TIMEOUT,OPERATION_FAILURE,"WRITE_TIMEOUT: WriteTimeout: Error from server: code=1100 [Coordinator node timed out waiting for replica nodes' responses] message=""Operation timed out - received only 1 responses."" info={'consistency': 'QUORUM', 'required_responses': 2, 'received_responses': 1, 'write_type': 'SIMPLE'}"
17,WRITES_FOLLOW_READS,network_partition,P9,"Minority Causal Trap (I, W2=QUORUM)",M,cassandra1,QUORUM,I,cassandra3,ONE,I,cassandra3,QUORUM,wfr_part_p9_17_1790422087311014800_5352,1,True,1,0,STALE_READ,False,2,1,,,,WRITE_TIMEOUT,OPERATION_FAILURE,"WRITE_TIMEOUT: WriteTimeout: Error from server: code=1100 [Coordinator node timed out waiting for replica nodes' responses] message=""Operation timed out - received only 1 responses."" info={'consistency': 'QUORUM', 'required_responses': 2, 'received_responses': 1, 'write_type': 'SIMPLE'}"
18,WRITES_FOLLOW_READS,network_partition,P9,"Minority Causal Trap (I, W2=QUORUM)",M,cassandra2,QUORUM,I,cassandra3,ONE,I,cassandra3,QUORUM,wfr_part_p9_18_1790422098649965800_9391,1,True,1,0,STALE_READ,False,2,1,,,,WRITE_TIMEOUT,OPERATION_FAILURE,"WRITE_TIMEOUT: WriteTimeout: Error from server: code=1100 [Coordinator node timed out waiting for replica nodes' responses] message=""Operation timed out - received only 1 responses."" info={'consistency': 'QUORUM', 'required_responses': 2, 'received_responses': 1, 'write_type': 'SIMPLE'}"
19,WRITES_FOLLOW_READS,network_partition,P9,"Minority Causal Trap (I, W2=QUORUM)",M,cassandra2,QUORUM,I,cassandra3,ONE,I,cassandra3,QUORUM,wfr_part_p9_19_1790422109686397300_6345,1,True,1,0,STALE_READ,False,2,1,,,,WRITE_TIMEOUT,OPERATION_FAILURE,"WRITE_TIMEOUT: WriteTimeout: Error from server: code=1100 [Coordinator node timed out waiting for replica nodes' responses] message=""Operation timed out - received only 1 responses."" info={'consistency': 'QUORUM', 'required_responses': 2, 'received_responses': 1, 'write_type': 'SIMPLE'}"
20,WRITES_FOLLOW_READS,network_partition,P9,"Minority Causal Trap (I, W2=QUORUM)",M,cassandra2,QUORUM,I,cassandra3,ONE,I,cassandra3,QUORUM,wfr_part_p9_20_1790422120861667400_3320,1,True,1,0,STALE_READ,False,2,1,,,,WRITE_TIMEOUT,OPERATION_FAILURE,"WRITE_TIMEOUT: WriteTimeout: Error from server: code=1100 [Coordinator node timed out waiting for replica nodes' responses] message=""Operation timed out - received only 1 responses."" info={'consistency': 'QUORUM', 'required_responses': 2, 'received_responses': 1, 'write_type': 'SIMPLE'}"
