trial,key,property,scenario,path,w1_component,w2_component,w1_cl,w2_cl,setup_coordinator,w1_coordinator,w2_coordinator,w1_timestamp,w2_timestamp,initial_version,w1_version,w2_version,w1_completed,w2_completed,reconciled_version,regression,classification,failure_mechanism,error
1,mw_part_p1_1_1790447120602792800_6659,MONOTONIC_WRITES,network_partition,P1,M,M,QUORUM,QUORUM,cassandra2,cassandra2,cassandra1,1790447128697702,1790447128698702,1,2,3,True,True,3,False,PASS,,
2,mw_part_p1_2_1790447135801269500_5766,MONOTONIC_WRITES,network_partition,P1,M,M,QUORUM,QUORUM,cassandra2,cassandra1,cassandra2,1790447143892518,1790447143893518,1,2,3,True,True,3,False,PASS,,
3,mw_part_p1_3_1790447150920879000_3577,MONOTONIC_WRITES,network_partition,P1,M,M,QUORUM,QUORUM,cassandra1,cassandra1,cassandra2,1790447158931708,1790447158932708,1,2,3,True,True,3,False,PASS,,
4,mw_part_p1_4_1790447166062231200_4836,MONOTONIC_WRITES,network_partition,P1,M,M,QUORUM,QUORUM,cassandra2,cassandra1,cassandra2,1790447174075078,1790447174076078,1,2,3,True,True,3,False,PASS,,
5,mw_part_p1_5_1790447181067532100_8709,MONOTONIC_WRITES,network_partition,P1,M,M,QUORUM,QUORUM,cassandra1,cassandra2,cassandra1,1790447189167882,1790447189168882,1,2,3,True,True,3,False,PASS,,
6,mw_part_p1_6_1790447196204908100_6802,MONOTONIC_WRITES,network_partition,P1,M,M,QUORUM,QUORUM,cassandra1,cassandra2,cassandra1,1790447204379242,1790447204380242,1,2,3,True,True,3,False,PASS,,
7,mw_part_p1_7_1790447211498057300_3945,MONOTONIC_WRITES,network_partition,P1,M,M,QUORUM,QUORUM,cassandra1,cassandra2,cassandra2,1790447219529830,1790447219530830,1,2,3,True,True,3,False,PASS,,
8,mw_part_p1_8_1790447226634666700_8239,MONOTONIC_WRITES,network_partition,P1,M,M,QUORUM,QUORUM,cassandra1,cassandra2,cassandra1,1790447235019090,1790447235020090,1,2,3,True,True,3,False,PASS,,
9,mw_part_p1_9_1790447242189332500_8638,MONOTONIC_WRITES,network_partition,P1,M,M,QUORUM,QUORUM,cassandra1,cassandra2,cassandra2,1790447250185823,1790447250186823,1,2,3,True,True,3,False,PASS,,
10,mw_part_p1_10_1790447257208145700_4108,MONOTONIC_WRITES,network_partition,P1,M,M,QUORUM,QUORUM,cassandra2,cassandra1,cassandra2,1790447265291892,1790447265292892,1,2,3,True,True,3,False,PASS,,
11,mw_part_p1_11_1790447272279824700_3126,MONOTONIC_WRITES,network_partition,P1,M,M,QUORUM,QUORUM,cassandra2,cassandra1,cassandra2,1790447280434135,1790447280435135,1,2,3,True,True,3,False,PASS,,
12,mw_part_p1_12_1790447287526970400_6243,MONOTONIC_WRITES,network_partition,P1,M,M,QUORUM,QUORUM,cassandra1,cassandra1,cassandra1,1790447295673501,1790447295674501,1,2,3,True,True,3,False,PASS,,
13,mw_part_p1_13_1790447303055649900_8892,MONOTONIC_WRITES,network_partition,P1,M,M,QUORUM,QUORUM,cassandra2,cassandra2,cassandra2,1790447311213958,1790447311214958,1,2,3,True,True,3,False,PASS,,
14,mw_part_p1_14_1790447318330559000_5692,MONOTONIC_WRITES,network_partition,P1,M,M,QUORUM,QUORUM,cassandra1,cassandra2,cassandra2,1790447326519443,1790447326520443,1,2,3,True,True,3,False,PASS,,
15,mw_part_p1_15_1790447333540772100_5429,MONOTONIC_WRITES,network_partition,P1,M,M,QUORUM,QUORUM,cassandra1,cassandra1,cassandra2,1790447341700515,1790447341701515,1,2,3,True,True,3,False,PASS,,
16,mw_part_p1_16_1790447349012422500_6139,MONOTONIC_WRITES,network_partition,P1,M,M,QUORUM,QUORUM,cassandra2,cassandra2,cassandra1,1790447357049551,1790447357050551,1,2,3,True,True,3,False,PASS,,
17,mw_part_p1_17_1790447364098119000_6316,MONOTONIC_WRITES,network_partition,P1,M,M,QUORUM,QUORUM,cassandra2,cassandra1,cassandra2,1790447372234286,1790447372235286,1,2,3,True,True,3,False,PASS,,
18,mw_part_p1_18_1790447379395055800_2610,MONOTONIC_WRITES,network_partition,P1,M,M,QUORUM,QUORUM,cassandra2,cassandra1,cassandra2,1790447387602461,1790447387603461,1,2,3,True,True,3,False,PASS,,
19,mw_part_p1_19_1790447394728738900_4866,MONOTONIC_WRITES,network_partition,P1,M,M,QUORUM,QUORUM,cassandra2,cassandra1,cassandra2,1790447402751696,1790447402752696,1,2,3,True,True,3,False,PASS,,
20,mw_part_p1_20_1790447409862620800_9934,MONOTONIC_WRITES,network_partition,P1,M,M,QUORUM,QUORUM,cassandra1,cassandra1,cassandra1,1790447421584702,1790447421585702,1,2,3,True,True,3,False,PASS,,
1,mw_part_p2_1_1790447429082925800_1796,MONOTONIC_WRITES,network_partition,P2,M,M,ONE,ONE,cassandra1,cassandra2,cassandra1,1790447437275189,1790447437276189,1,2,3,True,True,3,False,PASS,,
2,mw_part_p2_2_1790447444764413300_6792,MONOTONIC_WRITES,network_partition,P2,M,M,ONE,ONE,cassandra1,cassandra2,cassandra1,1790447452929114,1790447452930114,1,2,3,True,True,3,False,PASS,,
3,mw_part_p2_3_1790447460054237100_2362,MONOTONIC_WRITES,network_partition,P2,M,M,ONE,ONE,cassandra1,cassandra1,cassandra2,1790447468215527,1790447468216527,1,2,3,True,True,3,False,PASS,,
4,mw_part_p2_4_1790447475377728300_2996,MONOTONIC_WRITES,network_partition,P2,M,M,ONE,ONE,cassandra2,cassandra2,cassandra1,1790447483499918,1790447483500918,1,2,3,True,True,3,False,PASS,,
5,mw_part_p2_5_1790447490893080300_9896,MONOTONIC_WRITES,network_partition,P2,M,M,ONE,ONE,cassandra1,cassandra1,cassandra2,1790447498955024,1790447498956024,1,2,3,True,True,3,False,PASS,,
6,mw_part_p2_6_1790447506070558000_8345,MONOTONIC_WRITES,network_partition,P2,M,M,ONE,ONE,cassandra1,cassandra1,cassandra2,1790447514127485,1790447514128485,1,2,3,True,True,3,False,PASS,,
7,mw_part_p2_7_1790447521187091700_4610,MONOTONIC_WRITES,network_partition,P2,M,M,ONE,ONE,cassandra1,cassandra1,cassandra2,1790447529231588,1790447529232588,1,2,3,True,True,3,False,PASS,,
8,mw_part_p2_8_1790447536406228100_6407,MONOTONIC_WRITES,network_partition,P2,M,M,ONE,ONE,cassandra1,cassandra1,cassandra1,1790447544532636,1790447544533636,1,2,3,True,True,3,False,PASS,,
9,mw_part_p2_9_1790447551612553100_9724,MONOTONIC_WRITES,network_partition,P2,M,M,ONE,ONE,cassandra1,cassandra2,cassandra2,1790447559667975,1790447559668975,1,2,3,True,True,3,False,PASS,,
10,mw_part_p2_10_1790447566802511600_5613,MONOTONIC_WRITES,network_partition,P2,M,M,ONE,ONE,cassandra2,cassandra1,cassandra1,1790447574912977,1790447574913977,1,2,3,True,True,3,False,PASS,,
11,mw_part_p2_11_1790447582038899300_7006,MONOTONIC_WRITES,network_partition,P2,M,M,ONE,ONE,cassandra1,cassandra1,cassandra1,1790447590118871,1790447590119871,1,2,3,True,True,3,False,PASS,,
12,mw_part_p2_12_1790447597194144300_5656,MONOTONIC_WRITES,network_partition,P2,M,M,ONE,ONE,cassandra2,cassandra2,cassandra2,1790447605276352,1790447605277352,1,2,3,True,True,3,False,PASS,,
13,mw_part_p2_13_1790447612325685800_3673,MONOTONIC_WRITES,network_partition,P2,M,M,ONE,ONE,cassandra2,cassandra1,cassandra1,1790447620419617,1790447620420617,1,2,3,True,True,3,False,PASS,,
14,mw_part_p2_14_1790447627489840500_4718,MONOTONIC_WRITES,network_partition,P2,M,M,ONE,ONE,cassandra2,cassandra1,cassandra2,1790447635625868,1790447635626868,1,2,3,True,True,3,False,PASS,,
15,mw_part_p2_15_1790447642722050200_6859,MONOTONIC_WRITES,network_partition,P2,M,M,ONE,ONE,cassandra2,cassandra1,cassandra2,1790447650810021,1790447650811021,1,2,3,True,True,3,False,PASS,,
16,mw_part_p2_16_1790447657877500800_8183,MONOTONIC_WRITES,network_partition,P2,M,M,ONE,ONE,cassandra1,cassandra2,cassandra1,1790447666109893,1790447666110893,1,2,3,True,True,3,False,PASS,,
17,mw_part_p2_17_1790447673157533100_7814,MONOTONIC_WRITES,network_partition,P2,M,M,ONE,ONE,cassandra1,cassandra1,cassandra1,1790447681201354,1790447681202354,1,2,3,True,True,3,False,PASS,,
18,mw_part_p2_18_1790447688278463100_8353,MONOTONIC_WRITES,network_partition,P2,M,M,ONE,ONE,cassandra2,cassandra1,cassandra1,1790447696355926,1790447696356926,1,2,3,True,True,3,False,PASS,,
19,mw_part_p2_19_1790447703440312900_7204,MONOTONIC_WRITES,network_partition,P2,M,M,ONE,ONE,cassandra1,cassandra1,cassandra1,1790447711494008,1790447711495008,1,2,3,True,True,3,False,PASS,,
20,mw_part_p2_20_1790447718528615200_6936,MONOTONIC_WRITES,network_partition,P2,M,M,ONE,ONE,cassandra1,cassandra2,cassandra2,1790447726612386,1790447726613386,1,2,3,True,True,3,False,PASS,,
1,mw_part_p3_1_1790447733620579900_3035,MONOTONIC_WRITES,network_partition,P3,M,I,ONE,ONE,cassandra2,cassandra1,cassandra3,1790447741778069,1790447741779069,1,2,3,True,True,3,False,PASS,,
2,mw_part_p3_2_1790447748817226900_7286,MONOTONIC_WRITES,network_partition,P3,M,I,ONE,ONE,cassandra2,cassandra2,cassandra3,1790447756961666,1790447756962666,1,2,3,True,True,3,False,PASS,,
3,mw_part_p3_3_1790447763984254600_8679,MONOTONIC_WRITES,network_partition,P3,M,I,ONE,ONE,cassandra1,cassandra1,cassandra3,1790447772121301,1790447772122301,1,2,3,True,True,3,False,PASS,,
4,mw_part_p3_4_1790447779203294200_8369,MONOTONIC_WRITES,network_partition,P3,M,I,ONE,ONE,cassandra1,cassandra2,cassandra3,1790447787284610,1790447787285610,1,2,3,True,True,3,False,PASS,,
5,mw_part_p3_5_1790447794278388500_1928,MONOTONIC_WRITES,network_partition,P3,M,I,ONE,ONE,cassandra1,cassandra1,cassandra3,1790447802366944,1790447802367944,1,2,3,True,True,3,False,PASS,,
6,mw_part_p3_6_1790447809368026800_2592,MONOTONIC_WRITES,network_partition,P3,M,I,ONE,ONE,cassandra1,cassandra1,cassandra3,1790447817361489,1790447817362489,1,2,3,True,True,3,False,PASS,,
7,mw_part_p3_7_1790447824447482400_9429,MONOTONIC_WRITES,network_partition,P3,M,I,ONE,ONE,cassandra1,cassandra1,cassandra3,1790447832410404,1790447832411404,1,2,3,True,True,3,False,PASS,,
8,mw_part_p3_8_1790447839463380400_2590,MONOTONIC_WRITES,network_partition,P3,M,I,ONE,ONE,cassandra1,cassandra2,cassandra3,1790447847600017,1790447847601017,1,2,3,True,True,3,False,PASS,,
9,mw_part_p3_9_1790447854656797500_2881,MONOTONIC_WRITES,network_partition,P3,M,I,ONE,ONE,cassandra2,cassandra1,cassandra3,1790447862706490,1790447862707490,1,2,3,True,True,3,False,PASS,,
10,mw_part_p3_10_1790447869938862700_5764,MONOTONIC_WRITES,network_partition,P3,M,I,ONE,ONE,cassandra2,cassandra1,cassandra3,1790447877937129,1790447877938129,1,2,3,True,True,3,False,PASS,,
11,mw_part_p3_11_1790447884917370500_3861,MONOTONIC_WRITES,network_partition,P3,M,I,ONE,ONE,cassandra1,cassandra1,cassandra3,1790447892950770,1790447892951770,1,2,3,True,True,3,False,PASS,,
12,mw_part_p3_12_1790447900035850800_7465,MONOTONIC_WRITES,network_partition,P3,M,I,ONE,ONE,cassandra2,cassandra1,cassandra3,1790447908105182,1790447908106182,1,2,3,True,True,3,False,PASS,,
13,mw_part_p3_13_1790447915209950400_6100,MONOTONIC_WRITES,network_partition,P3,M,I,ONE,ONE,cassandra2,cassandra2,cassandra3,1790447926754496,1790447926755496,1,2,3,True,True,3,False,PASS,,
14,mw_part_p3_14_1790447933775740800_5063,MONOTONIC_WRITES,network_partition,P3,M,I,ONE,ONE,cassandra2,cassandra1,cassandra3,1790447941782305,1790447941783305,1,2,3,True,True,3,False,PASS,,
15,mw_part_p3_15_1790447948831679500_6736,MONOTONIC_WRITES,network_partition,P3,M,I,ONE,ONE,cassandra2,cassandra2,cassandra3,1790447956812838,1790447956813838,1,2,3,True,True,3,False,PASS,,
16,mw_part_p3_16_1790447963842748700_3085,MONOTONIC_WRITES,network_partition,P3,M,I,ONE,ONE,cassandra2,cassandra2,cassandra3,1790447971920516,1790447971921516,1,2,3,True,True,3,False,PASS,,
17,mw_part_p3_17_1790447978980589300_3524,MONOTONIC_WRITES,network_partition,P3,M,I,ONE,ONE,cassandra1,cassandra1,cassandra3,1790447986975983,1790447986976983,1,2,3,True,True,3,False,PASS,,
18,mw_part_p3_18_1790447994013350700_4227,MONOTONIC_WRITES,network_partition,P3,M,I,ONE,ONE,cassandra1,cassandra2,cassandra3,1790448002060237,1790448002061237,1,2,3,True,True,3,False,PASS,,
19,mw_part_p3_19_1790448009066783100_5078,MONOTONIC_WRITES,network_partition,P3,M,I,ONE,ONE,cassandra1,cassandra2,cassandra3,1790448017012137,1790448017013137,1,2,3,True,True,3,False,PASS,,
20,mw_part_p3_20_1790448024061704200_4022,MONOTONIC_WRITES,network_partition,P3,M,I,ONE,ONE,cassandra2,cassandra2,cassandra3,1790448032049741,1790448032050741,1,2,3,True,True,3,False,PASS,,
1,mw_part_p4_1_1790448039239925800_2226,MONOTONIC_WRITES,network_partition,P4,I,M,ONE,ONE,cassandra2,cassandra3,cassandra2,1790448047320494,1790448047321494,1,2,3,True,True,3,False,PASS,,
2,mw_part_p4_2_1790448054370843100_3018,MONOTONIC_WRITES,network_partition,P4,I,M,ONE,ONE,cassandra2,cassandra3,cassandra1,1790448062370454,1790448062371454,1,2,3,True,True,3,False,PASS,,
3,mw_part_p4_3_1790448069380176500_8208,MONOTONIC_WRITES,network_partition,P4,I,M,ONE,ONE,cassandra2,cassandra3,cassandra2,1790448081000789,1790448081001789,1,2,3,True,True,3,False,PASS,,
4,mw_part_p4_4_1790448088011806500_1011,MONOTONIC_WRITES,network_partition,P4,I,M,ONE,ONE,cassandra2,cassandra3,cassandra2,1790448099628203,1790448099629203,1,2,3,True,True,3,False,PASS,,
5,mw_part_p4_5_1790448106736038800_3002,MONOTONIC_WRITES,network_partition,P4,I,M,ONE,ONE,cassandra2,cassandra3,cassandra1,1790448114712972,1790448114713972,1,2,3,True,True,3,False,PASS,,
6,mw_part_p4_6_1790448121739405000_8259,MONOTONIC_WRITES,network_partition,P4,I,M,ONE,ONE,cassandra1,cassandra3,cassandra1,1790448129775409,1790448129776409,1,2,3,True,True,3,False,PASS,,
7,mw_part_p4_7_1790448136766857100_2381,MONOTONIC_WRITES,network_partition,P4,I,M,ONE,ONE,cassandra2,cassandra3,cassandra1,1790448144761823,1790448144762823,1,2,3,True,True,3,False,PASS,,
8,mw_part_p4_8_1790448151770110100_9344,MONOTONIC_WRITES,network_partition,P4,I,M,ONE,ONE,cassandra2,cassandra3,cassandra1,1790448159736940,1790448159737940,1,2,3,True,True,3,False,PASS,,
9,mw_part_p4_9_1790448166730829300_6360,MONOTONIC_WRITES,network_partition,P4,I,M,ONE,ONE,cassandra2,cassandra3,cassandra2,1790448174788466,1790448174789466,1,2,3,True,True,3,False,PASS,,
10,mw_part_p4_10_1790448181777170300_2850,MONOTONIC_WRITES,network_partition,P4,I,M,ONE,ONE,cassandra2,cassandra3,cassandra2,1790448189774577,1790448189775577,1,2,3,True,True,3,False,PASS,,
11,mw_part_p4_11_1790448196757246100_8294,MONOTONIC_WRITES,network_partition,P4,I,M,ONE,ONE,cassandra2,cassandra3,cassandra1,1790448204776925,1790448204777925,1,2,3,True,True,3,False,PASS,,
12,mw_part_p4_12_1790448211852426000_6881,MONOTONIC_WRITES,network_partition,P4,I,M,ONE,ONE,cassandra2,cassandra3,cassandra1,1790448219846317,1790448219847317,1,2,3,True,True,3,False,PASS,,
13,mw_part_p4_13_1790448226921813000_3742,MONOTONIC_WRITES,network_partition,P4,I,M,ONE,ONE,cassandra1,cassandra3,cassandra1,1790448235012155,1790448235013155,1,2,3,True,True,3,False,PASS,,
14,mw_part_p4_14_1790448242120137800_4395,MONOTONIC_WRITES,network_partition,P4,I,M,ONE,ONE,cassandra2,cassandra3,cassandra1,1790448250217065,1790448250218065,1,2,3,True,True,3,False,PASS,,
15,mw_part_p4_15_1790448257288035800_3945,MONOTONIC_WRITES,network_partition,P4,I,M,ONE,ONE,cassandra2,cassandra3,cassandra2,1790448265250819,1790448265251819,1,2,3,True,True,3,False,PASS,,
16,mw_part_p4_16_1790448272354945700_4179,MONOTONIC_WRITES,network_partition,P4,I,M,ONE,ONE,cassandra1,cassandra3,cassandra2,1790448280345096,1790448280346096,1,2,3,True,True,3,False,PASS,,
17,mw_part_p4_17_1790448287358775900_3512,MONOTONIC_WRITES,network_partition,P4,I,M,ONE,ONE,cassandra1,cassandra3,cassandra1,1790448295376922,1790448295377922,1,2,3,True,True,3,False,PASS,,
18,mw_part_p4_18_1790448302335688900_6764,MONOTONIC_WRITES,network_partition,P4,I,M,ONE,ONE,cassandra2,cassandra3,cassandra2,1790448310420837,1790448310421837,1,2,3,True,True,3,False,PASS,,
19,mw_part_p4_19_1790448317476598000_3490,MONOTONIC_WRITES,network_partition,P4,I,M,ONE,ONE,cassandra2,cassandra3,cassandra2,1790448325498201,1790448325499201,1,2,3,True,True,3,False,PASS,,
20,mw_part_p4_20_1790448332493174800_9599,MONOTONIC_WRITES,network_partition,P4,I,M,ONE,ONE,cassandra2,cassandra3,cassandra2,1790448340487910,1790448340488910,1,2,3,True,True,3,False,PASS,,
1,mw_part_p5_1_1790448347459218100_5747,MONOTONIC_WRITES,network_partition,P5,I,I,ONE,ONE,cassandra1,cassandra3,cassandra3,1790448355441097,1790448355442097,1,2,3,True,True,3,False,PASS,,
2,mw_part_p5_2_1790448362425489700_4369,MONOTONIC_WRITES,network_partition,P5,I,I,ONE,ONE,cassandra2,cassandra3,cassandra3,1790448370429665,1790448370430665,1,2,3,True,True,3,False,PASS,,
3,mw_part_p5_3_1790448377480259800_6771,MONOTONIC_WRITES,network_partition,P5,I,I,ONE,ONE,cassandra2,cassandra3,cassandra3,1790448385444227,1790448385445227,1,2,3,True,True,3,False,PASS,,
4,mw_part_p5_4_1790448392524637700_5969,MONOTONIC_WRITES,network_partition,P5,I,I,ONE,ONE,cassandra1,cassandra3,cassandra3,1790448400497905,1790448400498905,1,2,3,True,True,3,False,PASS,,
5,mw_part_p5_5_1790448407569136800_2763,MONOTONIC_WRITES,network_partition,P5,I,I,ONE,ONE,cassandra1,cassandra3,cassandra3,1790448415526550,1790448415527550,1,2,3,True,True,3,False,PASS,,
6,mw_part_p5_6_1790448422570504800_8062,MONOTONIC_WRITES,network_partition,P5,I,I,ONE,ONE,cassandra2,cassandra3,cassandra3,1790448430543930,1790448430544930,1,2,3,True,True,3,False,PASS,,
7,mw_part_p5_7_1790448437593658500_4856,MONOTONIC_WRITES,network_partition,P5,I,I,ONE,ONE,cassandra1,cassandra3,cassandra3,1790448445617868,1790448445618868,1,2,3,True,True,3,False,PASS,,
8,mw_part_p5_8_1790448452676527300_5876,MONOTONIC_WRITES,network_partition,P5,I,I,ONE,ONE,cassandra1,cassandra3,cassandra3,1790448460653111,1790448460654111,1,2,3,True,True,3,False,PASS,,
9,mw_part_p5_9_1790448467666936800_6948,MONOTONIC_WRITES,network_partition,P5,I,I,ONE,ONE,cassandra1,cassandra3,cassandra3,1790448475640995,1790448475641995,1,2,3,True,True,3,False,PASS,,
10,mw_part_p5_10_1790448482592811600_9363,MONOTONIC_WRITES,network_partition,P5,I,I,ONE,ONE,cassandra2,cassandra3,cassandra3,1790448490601020,1790448490602020,1,2,3,True,True,3,False,PASS,,
11,mw_part_p5_11_1790448497675315000_7557,MONOTONIC_WRITES,network_partition,P5,I,I,ONE,ONE,cassandra1,cassandra3,cassandra3,1790448505664675,1790448505665675,1,2,3,True,True,3,False,PASS,,
12,mw_part_p5_12_1790448512712389600_8863,MONOTONIC_WRITES,network_partition,P5,I,I,ONE,ONE,cassandra1,cassandra3,cassandra3,1790448520692122,1790448520693122,1,2,3,True,True,3,False,PASS,,
13,mw_part_p5_13_1790448527698214400_6806,MONOTONIC_WRITES,network_partition,P5,I,I,ONE,ONE,cassandra2,cassandra3,cassandra3,1790448535629980,1790448535630980,1,2,3,True,True,3,False,PASS,,
14,mw_part_p5_14_1790448542633021200_8572,MONOTONIC_WRITES,network_partition,P5,I,I,ONE,ONE,cassandra2,cassandra3,cassandra3,1790448550725514,1790448550726514,1,2,3,True,True,3,False,PASS,,
15,mw_part_p5_15_1790448557758203800_4006,MONOTONIC_WRITES,network_partition,P5,I,I,ONE,ONE,cassandra2,cassandra3,cassandra3,1790448565794706,1790448565795706,1,2,3,True,True,3,False,PASS,,
16,mw_part_p5_16_1790448572796818100_1367,MONOTONIC_WRITES,network_partition,P5,I,I,ONE,ONE,cassandra1,cassandra3,cassandra3,1790448580850530,1790448580851530,1,2,3,True,True,3,False,PASS,,
17,mw_part_p5_17_1790448587832018700_3133,MONOTONIC_WRITES,network_partition,P5,I,I,ONE,ONE,cassandra2,cassandra3,cassandra3,1790448595754158,1790448595755158,1,2,3,True,True,3,False,PASS,,
18,mw_part_p5_18_1790448602822095800_8650,MONOTONIC_WRITES,network_partition,P5,I,I,ONE,ONE,cassandra1,cassandra3,cassandra3,1790448610811804,1790448610812804,1,2,3,True,True,3,False,PASS,,
19,mw_part_p5_19_1790448617875563700_4711,MONOTONIC_WRITES,network_partition,P5,I,I,ONE,ONE,cassandra2,cassandra3,cassandra3,1790448625883117,1790448625884117,1,2,3,True,True,3,False,PASS,,
20,mw_part_p5_20_1790448632952142700_1970,MONOTONIC_WRITES,network_partition,P5,I,I,ONE,ONE,cassandra2,cassandra3,cassandra3,1790448640982645,1790448640983645,1,2,3,True,True,3,False,PASS,,
1,mw_part_p6_1_1790448648093179400_9844,MONOTONIC_WRITES,network_partition,P6,M,M,ALL,ONE,cassandra2,cassandra1,cassandra2,1790448656045189,1790448656046189,1,2,3,False,False,2,False,OPERATION_FAILURE,WRITE_TIMEOUT,"WRITE_TIMEOUT: WriteTimeout: Error from server: code=1100 [Coordinator node timed out waiting for replica nodes' responses] message=""Operation timed out - received only 2 responses."" info={'consistency': 'ALL', 'required_responses': 3, 'received_responses': 2, 'write_type': 'SIMPLE'}"
2,mw_part_p6_2_1790448665126173600_5768,MONOTONIC_WRITES,network_partition,P6,M,M,ALL,ONE,cassandra2,cassandra1,cassandra2,1790448673080001,1790448673081001,1,2,3,False,False,2,False,OPERATION_FAILURE,WRITE_TIMEOUT,"WRITE_TIMEOUT: WriteTimeout: Error from server: code=1100 [Coordinator node timed out waiting for replica nodes' responses] message=""Operation timed out - received only 2 responses."" info={'consistency': 'ALL', 'required_responses': 3, 'received_responses': 2, 'write_type': 'SIMPLE'}"
3,mw_part_p6_3_1790448682142484000_4740,MONOTONIC_WRITES,network_partition,P6,M,M,ALL,ONE,cassandra1,cassandra1,cassandra2,1790448690125256,1790448690126256,1,2,3,False,False,2,False,OPERATION_FAILURE,WRITE_TIMEOUT,"WRITE_TIMEOUT: WriteTimeout: Error from server: code=1100 [Coordinator node timed out waiting for replica nodes' responses] message=""Operation timed out - received only 2 responses."" info={'consistency': 'ALL', 'required_responses': 3, 'received_responses': 2, 'write_type': 'SIMPLE'}"
4,mw_part_p6_4_1790448699258729300_4158,MONOTONIC_WRITES,network_partition,P6,M,M,ALL,ONE,cassandra2,cassandra1,cassandra1,1790448707267678,1790448707268678,1,2,3,False,False,2,False,OPERATION_FAILURE,WRITE_TIMEOUT,"WRITE_TIMEOUT: WriteTimeout: Error from server: code=1100 [Coordinator node timed out waiting for replica nodes' responses] message=""Operation timed out - received only 2 responses."" info={'consistency': 'ALL', 'required_responses': 3, 'received_responses': 2, 'write_type': 'SIMPLE'}"
5,mw_part_p6_5_1790448716371869700_3962,MONOTONIC_WRITES,network_partition,P6,M,M,ALL,ONE,cassandra2,cassandra1,cassandra1,1790448724349286,1790448724350286,1,2,3,False,False,2,False,OPERATION_FAILURE,WRITE_TIMEOUT,"WRITE_TIMEOUT: WriteTimeout: Error from server: code=1100 [Coordinator node timed out waiting for replica nodes' responses] message=""Operation timed out - received only 2 responses."" info={'consistency': 'ALL', 'required_responses': 3, 'received_responses': 2, 'write_type': 'SIMPLE'}"
6,mw_part_p6_6_1790448733456786000_8601,MONOTONIC_WRITES,network_partition,P6,M,M,ALL,ONE,cassandra1,cassandra1,cassandra2,1790448741454905,1790448741455905,1,2,3,False,False,2,False,OPERATION_FAILURE,WRITE_TIMEOUT,"WRITE_TIMEOUT: WriteTimeout: Error from server: code=1100 [Coordinator node timed out waiting for replica nodes' responses] message=""Operation timed out - received only 2 responses."" info={'consistency': 'ALL', 'required_responses': 3, 'received_responses': 2, 'write_type': 'SIMPLE'}"
7,mw_part_p6_7_1790448750526152100_8599,MONOTONIC_WRITES,network_partition,P6,M,M,ALL,ONE,cassandra2,cassandra1,cassandra1,1790448758523396,1790448758524396,1,2,3,False,False,2,False,OPERATION_FAILURE,WRITE_TIMEOUT,"WRITE_TIMEOUT: WriteTimeout: Error from server: code=1100 [Coordinator node timed out waiting for replica nodes' responses] message=""Operation timed out - received only 2 responses."" info={'consistency': 'ALL', 'required_responses': 3, 'received_responses': 2, 'write_type': 'SIMPLE'}"
8,mw_part_p6_8_1790448767592783700_6755,MONOTONIC_WRITES,network_partition,P6,M,M,ALL,ONE,cassandra2,cassandra1,cassandra2,1790448775592941,1790448775593941,1,2,3,False,False,2,False,OPERATION_FAILURE,WRITE_TIMEOUT,"WRITE_TIMEOUT: WriteTimeout: Error from server: code=1100 [Coordinator node timed out waiting for replica nodes' responses] message=""Operation timed out - received only 2 responses."" info={'consistency': 'ALL', 'required_responses': 3, 'received_responses': 2, 'write_type': 'SIMPLE'}"
9,mw_part_p6_9_1790448784727207500_7532,MONOTONIC_WRITES,network_partition,P6,M,M,ALL,ONE,cassandra1,cassandra1,cassandra2,1790448792688222,1790448792689222,1,2,3,False,False,2,False,OPERATION_FAILURE,WRITE_TIMEOUT,"WRITE_TIMEOUT: WriteTimeout: Error from server: code=1100 [Coordinator node timed out waiting for replica nodes' responses] message=""Operation timed out - received only 2 responses."" info={'consistency': 'ALL', 'required_responses': 3, 'received_responses': 2, 'write_type': 'SIMPLE'}"
10,mw_part_p6_10_1790448801725159900_8575,MONOTONIC_WRITES,network_partition,P6,M,M,ALL,ONE,cassandra2,cassandra2,cassandra2,1790448809725367,1790448809726367,1,2,3,False,False,2,False,OPERATION_FAILURE,WRITE_TIMEOUT,"WRITE_TIMEOUT: WriteTimeout: Error from server: code=1100 [Coordinator node timed out waiting for replica nodes' responses] message=""Operation timed out - received only 2 responses."" info={'consistency': 'ALL', 'required_responses': 3, 'received_responses': 2, 'write_type': 'SIMPLE'}"
11,mw_part_p6_11_1790448818838103500_1747,MONOTONIC_WRITES,network_partition,P6,M,M,ALL,ONE,cassandra2,cassandra1,cassandra2,1790448826778264,1790448826779264,1,2,3,False,False,2,False,OPERATION_FAILURE,WRITE_TIMEOUT,"WRITE_TIMEOUT: WriteTimeout: Error from server: code=1100 [Coordinator node timed out waiting for replica nodes' responses] message=""Operation timed out - received only 2 responses."" info={'consistency': 'ALL', 'required_responses': 3, 'received_responses': 2, 'write_type': 'SIMPLE'}"
12,mw_part_p6_12_1790448835834106200_2835,MONOTONIC_WRITES,network_partition,P6,M,M,ALL,ONE,cassandra1,cassandra1,cassandra1,1790448843798287,1790448843799287,1,2,3,False,False,2,False,OPERATION_FAILURE,WRITE_TIMEOUT,"WRITE_TIMEOUT: WriteTimeout: Error from server: code=1100 [Coordinator node timed out waiting for replica nodes' responses] message=""Operation timed out - received only 2 responses."" info={'consistency': 'ALL', 'required_responses': 3, 'received_responses': 2, 'write_type': 'SIMPLE'}"
13,mw_part_p6_13_1790448852888071000_9646,MONOTONIC_WRITES,network_partition,P6,M,M,ALL,ONE,cassandra1,cassandra1,cassandra2,1790448860863081,1790448860864081,1,2,3,False,False,2,False,OPERATION_FAILURE,WRITE_TIMEOUT,"WRITE_TIMEOUT: WriteTimeout: Error from server: code=1100 [Coordinator node timed out waiting for replica nodes' responses] message=""Operation timed out - received only 2 responses."" info={'consistency': 'ALL', 'required_responses': 3, 'received_responses': 2, 'write_type': 'SIMPLE'}"
14,mw_part_p6_14_1790448869932699700_6991,MONOTONIC_WRITES,network_partition,P6,M,M,ALL,ONE,cassandra2,cassandra1,cassandra1,1790448877924259,1790448877925259,1,2,3,False,False,2,False,OPERATION_FAILURE,WRITE_TIMEOUT,"WRITE_TIMEOUT: WriteTimeout: Error from server: code=1100 [Coordinator node timed out waiting for replica nodes' responses] message=""Operation timed out - received only 2 responses."" info={'consistency': 'ALL', 'required_responses': 3, 'received_responses': 2, 'write_type': 'SIMPLE'}"
15,mw_part_p6_15_1790448887013659700_5963,MONOTONIC_WRITES,network_partition,P6,M,M,ALL,ONE,cassandra1,cassandra1,cassandra2,1790448895133648,1790448895134648,1,2,3,False,False,2,False,OPERATION_FAILURE,WRITE_TIMEOUT,"WRITE_TIMEOUT: WriteTimeout: Error from server: code=1100 [Coordinator node timed out waiting for replica nodes' responses] message=""Operation timed out - received only 2 responses."" info={'consistency': 'ALL', 'required_responses': 3, 'received_responses': 2, 'write_type': 'SIMPLE'}"
16,mw_part_p6_16_1790448904307594400_9653,MONOTONIC_WRITES,network_partition,P6,M,M,ALL,ONE,cassandra1,cassandra2,cassandra1,1790448912386901,1790448912387901,1,2,3,False,False,2,False,OPERATION_FAILURE,WRITE_TIMEOUT,"WRITE_TIMEOUT: WriteTimeout: Error from server: code=1100 [Coordinator node timed out waiting for replica nodes' responses] message=""Operation timed out - received only 2 responses."" info={'consistency': 'ALL', 'required_responses': 3, 'received_responses': 2, 'write_type': 'SIMPLE'}"
17,mw_part_p6_17_1790448921394614300_2974,MONOTONIC_WRITES,network_partition,P6,M,M,ALL,ONE,cassandra1,cassandra1,cassandra2,1790448929352748,1790448929353748,1,2,3,False,False,2,False,OPERATION_FAILURE,WRITE_TIMEOUT,"WRITE_TIMEOUT: WriteTimeout: Error from server: code=1100 [Coordinator node timed out waiting for replica nodes' responses] message=""Operation timed out - received only 2 responses."" info={'consistency': 'ALL', 'required_responses': 3, 'received_responses': 2, 'write_type': 'SIMPLE'}"
18,mw_part_p6_18_1790448938472401300_6826,MONOTONIC_WRITES,network_partition,P6,M,M,ALL,ONE,cassandra2,cassandra1,cassandra2,1790448946444756,1790448946445756,1,2,3,False,False,2,False,OPERATION_FAILURE,WRITE_TIMEOUT,"WRITE_TIMEOUT: WriteTimeout: Error from server: code=1100 [Coordinator node timed out waiting for replica nodes' responses] message=""Operation timed out - received only 2 responses."" info={'consistency': 'ALL', 'required_responses': 3, 'received_responses': 2, 'write_type': 'SIMPLE'}"
19,mw_part_p6_19_1790448955551774100_9128,MONOTONIC_WRITES,network_partition,P6,M,M,ALL,ONE,cassandra2,cassandra2,cassandra1,1790448967115210,1790448967116210,1,2,3,False,False,2,False,OPERATION_FAILURE,WRITE_TIMEOUT,"WRITE_TIMEOUT: WriteTimeout: Error from server: code=1100 [Coordinator node timed out waiting for replica nodes' responses] message=""Operation timed out - received only 2 responses."" info={'consistency': 'ALL', 'required_responses': 3, 'received_responses': 2, 'write_type': 'SIMPLE'}"
20,mw_part_p6_20_1790448976168671000_8950,MONOTONIC_WRITES,network_partition,P6,M,M,ALL,ONE,cassandra1,cassandra2,cassandra2,1790448984151916,1790448984152916,1,2,3,False,False,2,False,OPERATION_FAILURE,WRITE_TIMEOUT,"WRITE_TIMEOUT: WriteTimeout: Error from server: code=1100 [Coordinator node timed out waiting for replica nodes' responses] message=""Operation timed out - received only 2 responses."" info={'consistency': 'ALL', 'required_responses': 3, 'received_responses': 2, 'write_type': 'SIMPLE'}"
1,mw_part_p7_1_1790448993260772500_2555,MONOTONIC_WRITES,network_partition,P7,I,I,QUORUM,ONE,cassandra1,cassandra3,cassandra3,1790449001279372,1790449001280372,1,2,3,False,False,2,False,OPERATION_FAILURE,WRITE_TIMEOUT,"WRITE_TIMEOUT: WriteTimeout: Error from server: code=1100 [Coordinator node timed out waiting for replica nodes' responses] message=""Operation timed out - received only 1 responses."" info={'consistency': 'QUORUM', 'required_responses': 2, 'received_responses': 1, 'write_type': 'SIMPLE'}"
2,mw_part_p7_2_1790449010408190200_1164,MONOTONIC_WRITES,network_partition,P7,I,I,QUORUM,ONE,cassandra2,cassandra3,cassandra3,1790449018423379,1790449018424379,1,2,3,False,False,1,False,OPERATION_FAILURE,WRITE_TIMEOUT,"WRITE_TIMEOUT: WriteTimeout: Error from server: code=1100 [Coordinator node timed out waiting for replica nodes' responses] message=""Operation timed out - received only 1 responses."" info={'consistency': 'QUORUM', 'required_responses': 2, 'received_responses': 1, 'write_type': 'SIMPLE'}"
3,mw_part_p7_3_1790449027458602300_6966,MONOTONIC_WRITES,network_partition,P7,I,I,QUORUM,ONE,cassandra1,cassandra3,cassandra3,1790449035460905,1790449035461905,1,2,3,False,False,2,False,OPERATION_FAILURE,WRITE_TIMEOUT,"WRITE_TIMEOUT: WriteTimeout: Error from server: code=1100 [Coordinator node timed out waiting for replica nodes' responses] message=""Operation timed out - received only 1 responses."" info={'consistency': 'QUORUM', 'required_responses': 2, 'received_responses': 1, 'write_type': 'SIMPLE'}"
4,mw_part_p7_4_1790449044568272500_8531,MONOTONIC_WRITES,network_partition,P7,I,I,QUORUM,ONE,cassandra1,cassandra3,cassandra3,1790449052573445,1790449052574445,1,2,3,False,False,2,False,OPERATION_FAILURE,WRITE_TIMEOUT,"WRITE_TIMEOUT: WriteTimeout: Error from server: code=1100 [Coordinator node timed out waiting for replica nodes' responses] message=""Operation timed out - received only 1 responses."" info={'consistency': 'QUORUM', 'required_responses': 2, 'received_responses': 1, 'write_type': 'SIMPLE'}"
5,mw_part_p7_5_1790449061627825400_9763,MONOTONIC_WRITES,network_partition,P7,I,I,QUORUM,ONE,cassandra2,cassandra3,cassandra3,1790449069668603,1790449069669603,1,2,3,False,False,2,False,OPERATION_FAILURE,WRITE_TIMEOUT,"WRITE_TIMEOUT: WriteTimeout: Error from server: code=1100 [Coordinator node timed out waiting for replica nodes' responses] message=""Operation timed out - received only 1 responses."" info={'consistency': 'QUORUM', 'required_responses': 2, 'received_responses': 1, 'write_type': 'SIMPLE'}"
6,mw_part_p7_6_1790449078747601300_2648,MONOTONIC_WRITES,network_partition,P7,I,I,QUORUM,ONE,cassandra1,cassandra3,cassandra3,1790449086741969,1790449086742969,1,2,3,False,False,2,False,OPERATION_FAILURE,WRITE_TIMEOUT,"WRITE_TIMEOUT: WriteTimeout: Error from server: code=1100 [Coordinator node timed out waiting for replica nodes' responses] message=""Operation timed out - received only 1 responses."" info={'consistency': 'QUORUM', 'required_responses': 2, 'received_responses': 1, 'write_type': 'SIMPLE'}"
7,mw_part_p7_7_1790449095821194000_7363,MONOTONIC_WRITES,network_partition,P7,I,I,QUORUM,ONE,cassandra2,cassandra3,cassandra3,1790449103839142,1790449103840142,1,2,3,False,False,2,False,OPERATION_FAILURE,WRITE_TIMEOUT,"WRITE_TIMEOUT: WriteTimeout: Error from server: code=1100 [Coordinator node timed out waiting for replica nodes' responses] message=""Operation timed out - received only 1 responses."" info={'consistency': 'QUORUM', 'required_responses': 2, 'received_responses': 1, 'write_type': 'SIMPLE'}"
8,mw_part_p7_8_1790449113026562900_8335,MONOTONIC_WRITES,network_partition,P7,I,I,QUORUM,ONE,cassandra2,cassandra3,cassandra3,1790449120956429,1790449120957429,1,2,3,False,False,2,False,OPERATION_FAILURE,WRITE_TIMEOUT,"WRITE_TIMEOUT: WriteTimeout: Error from server: code=1100 [Coordinator node timed out waiting for replica nodes' responses] message=""Operation timed out - received only 1 responses."" info={'consistency': 'QUORUM', 'required_responses': 2, 'received_responses': 1, 'write_type': 'SIMPLE'}"
9,mw_part_p7_9_1790449130219850500_6397,MONOTONIC_WRITES,network_partition,P7,I,I,QUORUM,ONE,cassandra1,cassandra3,cassandra3,1790449138196407,1790449138197407,1,2,3,False,False,2,False,OPERATION_FAILURE,WRITE_TIMEOUT,"WRITE_TIMEOUT: WriteTimeout: Error from server: code=1100 [Coordinator node timed out waiting for replica nodes' responses] message=""Operation timed out - received only 1 responses."" info={'consistency': 'QUORUM', 'required_responses': 2, 'received_responses': 1, 'write_type': 'SIMPLE'}"
10,mw_part_p7_10_1790449147383054700_2059,MONOTONIC_WRITES,network_partition,P7,I,I,QUORUM,ONE,cassandra2,cassandra3,cassandra3,1790449155461794,1790449155462794,1,2,3,False,False,2,False,OPERATION_FAILURE,WRITE_TIMEOUT,"WRITE_TIMEOUT: WriteTimeout: Error from server: code=1100 [Coordinator node timed out waiting for replica nodes' responses] message=""Operation timed out - received only 1 responses."" info={'consistency': 'QUORUM', 'required_responses': 2, 'received_responses': 1, 'write_type': 'SIMPLE'}"
11,mw_part_p7_11_1790449164571030600_3517,MONOTONIC_WRITES,network_partition,P7,I,I,QUORUM,ONE,cassandra2,cassandra3,cassandra3,1790449172591399,1790449172592399,1,2,3,False,False,2,False,OPERATION_FAILURE,WRITE_TIMEOUT,"WRITE_TIMEOUT: WriteTimeout: Error from server: code=1100 [Coordinator node timed out waiting for replica nodes' responses] message=""Operation timed out - received only 1 responses."" info={'consistency': 'QUORUM', 'required_responses': 2, 'received_responses': 1, 'write_type': 'SIMPLE'}"
12,mw_part_p7_12_1790449181737528100_4617,MONOTONIC_WRITES,network_partition,P7,I,I,QUORUM,ONE,cassandra2,cassandra3,cassandra3,1790449189759731,1790449189760731,1,2,3,False,False,2,False,OPERATION_FAILURE,WRITE_TIMEOUT,"WRITE_TIMEOUT: WriteTimeout: Error from server: code=1100 [Coordinator node timed out waiting for replica nodes' responses] message=""Operation timed out - received only 1 responses."" info={'consistency': 'QUORUM', 'required_responses': 2, 'received_responses': 1, 'write_type': 'SIMPLE'}"
13,mw_part_p7_13_1790449198823309100_7177,MONOTONIC_WRITES,network_partition,P7,I,I,QUORUM,ONE,cassandra2,cassandra3,cassandra3,1790449206834567,1790449206835567,1,2,3,False,False,2,False,OPERATION_FAILURE,WRITE_TIMEOUT,"WRITE_TIMEOUT: WriteTimeout: Error from server: code=1100 [Coordinator node timed out waiting for replica nodes' responses] message=""Operation timed out - received only 1 responses."" info={'consistency': 'QUORUM', 'required_responses': 2, 'received_responses': 1, 'write_type': 'SIMPLE'}"
14,mw_part_p7_14_1790449215866913500_9039,MONOTONIC_WRITES,network_partition,P7,I,I,QUORUM,ONE,cassandra2,cassandra3,cassandra3,1790449223871539,1790449223872539,1,2,3,False,False,2,False,OPERATION_FAILURE,WRITE_TIMEOUT,"WRITE_TIMEOUT: WriteTimeout: Error from server: code=1100 [Coordinator node timed out waiting for replica nodes' responses] message=""Operation timed out - received only 1 responses."" info={'consistency': 'QUORUM', 'required_responses': 2, 'received_responses': 1, 'write_type': 'SIMPLE'}"
15,mw_part_p7_15_1790449232992831200_4309,MONOTONIC_WRITES,network_partition,P7,I,I,QUORUM,ONE,cassandra1,cassandra3,cassandra3,1790449241006202,1790449241007202,1,2,3,False,False,2,False,OPERATION_FAILURE,WRITE_TIMEOUT,"WRITE_TIMEOUT: WriteTimeout: Error from server: code=1100 [Coordinator node timed out waiting for replica nodes' responses] message=""Operation timed out - received only 1 responses."" info={'consistency': 'QUORUM', 'required_responses': 2, 'received_responses': 1, 'write_type': 'SIMPLE'}"
16,mw_part_p7_16_1790449250188839800_7399,MONOTONIC_WRITES,network_partition,P7,I,I,QUORUM,ONE,cassandra2,cassandra3,cassandra3,1790449258220145,1790449258221145,1,2,3,False,False,2,False,OPERATION_FAILURE,WRITE_TIMEOUT,"WRITE_TIMEOUT: WriteTimeout: Error from server: code=1100 [Coordinator node timed out waiting for replica nodes' responses] message=""Operation timed out - received only 1 responses."" info={'consistency': 'QUORUM', 'required_responses': 2, 'received_responses': 1, 'write_type': 'SIMPLE'}"
17,mw_part_p7_17_1790449267343045300_6067,MONOTONIC_WRITES,network_partition,P7,I,I,QUORUM,ONE,cassandra1,cassandra3,cassandra3,1790449275332011,1790449275333011,1,2,3,False,False,2,False,OPERATION_FAILURE,WRITE_TIMEOUT,"WRITE_TIMEOUT: WriteTimeout: Error from server: code=1100 [Coordinator node timed out waiting for replica nodes' responses] message=""Operation timed out - received only 1 responses."" info={'consistency': 'QUORUM', 'required_responses': 2, 'received_responses': 1, 'write_type': 'SIMPLE'}"
18,mw_part_p7_18_1790449284458439000_5488,MONOTONIC_WRITES,network_partition,P7,I,I,QUORUM,ONE,cassandra1,cassandra3,cassandra3,1790449292458517,1790449292459517,1,2,3,False,False,1,False,OPERATION_FAILURE,WRITE_TIMEOUT,"WRITE_TIMEOUT: WriteTimeout: Error from server: code=1100 [Coordinator node timed out waiting for replica nodes' responses] message=""Operation timed out - received only 1 responses."" info={'consistency': 'QUORUM', 'required_responses': 2, 'received_responses': 1, 'write_type': 'SIMPLE'}"
19,mw_part_p7_19_1790449301509863600_1775,MONOTONIC_WRITES,network_partition,P7,I,I,QUORUM,ONE,cassandra1,cassandra3,cassandra3,1790449309486473,1790449309487473,1,2,3,False,False,1,False,OPERATION_FAILURE,WRITE_TIMEOUT,"WRITE_TIMEOUT: WriteTimeout: Error from server: code=1100 [Coordinator node timed out waiting for replica nodes' responses] message=""Operation timed out - received only 1 responses."" info={'consistency': 'QUORUM', 'required_responses': 2, 'received_responses': 1, 'write_type': 'SIMPLE'}"
20,mw_part_p7_20_1790449318653923000_1200,MONOTONIC_WRITES,network_partition,P7,I,I,QUORUM,ONE,cassandra2,cassandra3,cassandra3,1790449326691025,1790449326692025,1,2,3,False,False,2,False,OPERATION_FAILURE,WRITE_TIMEOUT,"WRITE_TIMEOUT: WriteTimeout: Error from server: code=1100 [Coordinator node timed out waiting for replica nodes' responses] message=""Operation timed out - received only 1 responses."" info={'consistency': 'QUORUM', 'required_responses': 2, 'received_responses': 1, 'write_type': 'SIMPLE'}"
