trial,property,scenario,network_delay,write_cl,setup_attempts,expected_writes,completed_writes,expected_final_version,observed_final_version,result,error
1,MONOTONIC_WRITES,normal,netem delay 25ms 25ms,ONE,1,5,5,6,6,PASS,
2,MONOTONIC_WRITES,normal,netem delay 25ms 25ms,ONE,1,5,5,6,6,PASS,
3,MONOTONIC_WRITES,normal,netem delay 25ms 25ms,ONE,1,5,5,6,6,PASS,
4,MONOTONIC_WRITES,normal,netem delay 25ms 25ms,ONE,1,5,5,6,6,PASS,
5,MONOTONIC_WRITES,normal,netem delay 25ms 25ms,ONE,1,5,5,6,6,PASS,
6,MONOTONIC_WRITES,normal,netem delay 25ms 25ms,ONE,1,5,5,6,6,PASS,
7,MONOTONIC_WRITES,normal,netem delay 25ms 25ms,ONE,1,5,5,6,6,PASS,
8,MONOTONIC_WRITES,normal,netem delay 25ms 25ms,ONE,1,5,5,6,6,PASS,
9,MONOTONIC_WRITES,normal,netem delay 25ms 25ms,ONE,1,5,5,6,6,PASS,
10,MONOTONIC_WRITES,normal,netem delay 25ms 25ms,ONE,1,5,5,6,6,PASS,
11,MONOTONIC_WRITES,normal,netem delay 25ms 25ms,ONE,1,5,5,6,6,PASS,
12,MONOTONIC_WRITES,normal,netem delay 25ms 25ms,ONE,1,5,5,6,6,PASS,
13,MONOTONIC_WRITES,normal,netem delay 25ms 25ms,ONE,1,5,5,6,6,PASS,
14,MONOTONIC_WRITES,normal,netem delay 25ms 25ms,ONE,1,5,5,6,6,PASS,
15,MONOTONIC_WRITES,normal,netem delay 25ms 25ms,ONE,1,5,5,6,6,PASS,
16,MONOTONIC_WRITES,normal,netem delay 25ms 25ms,ONE,1,5,5,6,6,PASS,
17,MONOTONIC_WRITES,normal,netem delay 25ms 25ms,ONE,1,5,5,6,6,PASS,
18,MONOTONIC_WRITES,normal,netem delay 25ms 25ms,ONE,1,5,5,6,6,PASS,
19,MONOTONIC_WRITES,normal,netem delay 25ms 25ms,ONE,1,5,5,6,6,PASS,
20,MONOTONIC_WRITES,normal,netem delay 25ms 25ms,ONE,1,5,5,6,6,PASS,
21,MONOTONIC_WRITES,normal,netem delay 25ms 25ms,ONE,1,5,5,6,6,PASS,
22,MONOTONIC_WRITES,normal,netem delay 25ms 25ms,ONE,1,5,5,6,6,PASS,
23,MONOTONIC_WRITES,normal,netem delay 25ms 25ms,ONE,1,5,5,6,6,PASS,
24,MONOTONIC_WRITES,normal,netem delay 25ms 25ms,ONE,1,5,5,6,6,PASS,
25,MONOTONIC_WRITES,normal,netem delay 25ms 25ms,ONE,1,5,5,6,6,PASS,
26,MONOTONIC_WRITES,normal,netem delay 25ms 25ms,ONE,1,5,5,6,6,PASS,
27,MONOTONIC_WRITES,normal,netem delay 25ms 25ms,ONE,1,5,5,6,6,PASS,
28,MONOTONIC_WRITES,normal,netem delay 25ms 25ms,ONE,1,5,5,6,6,PASS,
29,MONOTONIC_WRITES,normal,netem delay 25ms 25ms,ONE,1,5,5,6,6,PASS,
30,MONOTONIC_WRITES,normal,netem delay 25ms 25ms,ONE,1,5,5,6,6,PASS,
31,MONOTONIC_WRITES,normal,netem delay 25ms 25ms,ONE,1,5,5,6,6,PASS,
32,MONOTONIC_WRITES,normal,netem delay 25ms 25ms,ONE,1,5,5,6,6,PASS,
33,MONOTONIC_WRITES,normal,netem delay 25ms 25ms,ONE,1,5,5,6,6,PASS,
34,MONOTONIC_WRITES,normal,netem delay 25ms 25ms,ONE,1,5,5,6,6,PASS,
35,MONOTONIC_WRITES,normal,netem delay 25ms 25ms,ONE,1,5,5,6,6,PASS,
36,MONOTONIC_WRITES,normal,netem delay 25ms 25ms,ONE,1,5,5,6,6,PASS,
37,MONOTONIC_WRITES,normal,netem delay 25ms 25ms,ONE,1,5,5,6,6,PASS,
38,MONOTONIC_WRITES,normal,netem delay 25ms 25ms,ONE,1,5,5,6,6,PASS,
39,MONOTONIC_WRITES,normal,netem delay 25ms 25ms,ONE,1,5,5,6,6,PASS,
40,MONOTONIC_WRITES,normal,netem delay 25ms 25ms,ONE,1,5,5,6,6,PASS,
41,MONOTONIC_WRITES,normal,netem delay 25ms 25ms,ONE,1,5,5,6,6,PASS,
42,MONOTONIC_WRITES,normal,netem delay 25ms 25ms,ONE,1,5,5,6,6,PASS,
43,MONOTONIC_WRITES,normal,netem delay 25ms 25ms,ONE,1,5,5,6,6,PASS,
44,MONOTONIC_WRITES,normal,netem delay 25ms 25ms,ONE,1,5,5,6,6,PASS,
45,MONOTONIC_WRITES,normal,netem delay 25ms 25ms,ONE,1,5,5,6,6,PASS,
46,MONOTONIC_WRITES,normal,netem delay 25ms 25ms,ONE,1,5,5,6,6,PASS,
47,MONOTONIC_WRITES,normal,netem delay 25ms 25ms,ONE,1,5,5,6,6,PASS,
48,MONOTONIC_WRITES,normal,netem delay 25ms 25ms,ONE,1,5,5,6,6,PASS,
49,MONOTONIC_WRITES,normal,netem delay 25ms 25ms,ONE,1,5,5,6,6,PASS,
50,MONOTONIC_WRITES,normal,netem delay 25ms 25ms,ONE,1,5,5,6,6,PASS,
51,MONOTONIC_WRITES,normal,netem delay 25ms 25ms,ONE,1,5,5,6,6,PASS,
52,MONOTONIC_WRITES,normal,netem delay 25ms 25ms,ONE,1,5,5,6,6,PASS,
53,MONOTONIC_WRITES,normal,netem delay 25ms 25ms,ONE,1,5,5,6,6,PASS,
54,MONOTONIC_WRITES,normal,netem delay 25ms 25ms,ONE,1,5,5,6,6,PASS,
55,MONOTONIC_WRITES,normal,netem delay 25ms 25ms,ONE,1,5,5,6,6,PASS,
56,MONOTONIC_WRITES,normal,netem delay 25ms 25ms,ONE,1,5,5,6,6,PASS,
57,MONOTONIC_WRITES,normal,netem delay 25ms 25ms,ONE,1,5,5,6,6,PASS,
58,MONOTONIC_WRITES,normal,netem delay 25ms 25ms,ONE,1,5,5,6,6,PASS,
59,MONOTONIC_WRITES,normal,netem delay 25ms 25ms,ONE,1,5,5,6,6,PASS,
60,MONOTONIC_WRITES,normal,netem delay 25ms 25ms,ONE,1,5,5,6,6,PASS,
61,MONOTONIC_WRITES,normal,netem delay 25ms 25ms,ONE,1,5,5,6,6,PASS,
62,MONOTONIC_WRITES,normal,netem delay 25ms 25ms,ONE,1,5,5,6,6,PASS,
63,MONOTONIC_WRITES,normal,netem delay 25ms 25ms,ONE,1,5,5,6,6,PASS,
64,MONOTONIC_WRITES,normal,netem delay 25ms 25ms,ONE,1,5,5,6,6,PASS,
65,MONOTONIC_WRITES,normal,netem delay 25ms 25ms,ONE,1,5,5,6,6,PASS,
66,MONOTONIC_WRITES,normal,netem delay 25ms 25ms,ONE,1,5,5,6,6,PASS,
67,MONOTONIC_WRITES,normal,netem delay 25ms 25ms,ONE,1,5,5,6,6,PASS,
68,MONOTONIC_WRITES,normal,netem delay 25ms 25ms,ONE,1,5,5,6,6,PASS,
69,MONOTONIC_WRITES,normal,netem delay 25ms 25ms,ONE,1,5,5,6,6,PASS,
70,MONOTONIC_WRITES,normal,netem delay 25ms 25ms,ONE,1,5,5,6,6,PASS,
71,MONOTONIC_WRITES,normal,netem delay 25ms 25ms,ONE,1,5,5,6,6,PASS,
72,MONOTONIC_WRITES,normal,netem delay 25ms 25ms,ONE,1,5,5,6,6,PASS,
73,MONOTONIC_WRITES,normal,netem delay 25ms 25ms,ONE,1,5,5,6,6,PASS,
74,MONOTONIC_WRITES,normal,netem delay 25ms 25ms,ONE,1,5,5,6,6,PASS,
75,MONOTONIC_WRITES,normal,netem delay 25ms 25ms,ONE,1,5,5,6,6,PASS,
76,MONOTONIC_WRITES,normal,netem delay 25ms 25ms,ONE,1,5,5,6,6,PASS,
77,MONOTONIC_WRITES,normal,netem delay 25ms 25ms,ONE,1,5,5,6,6,PASS,
78,MONOTONIC_WRITES,normal,netem delay 25ms 25ms,ONE,1,5,5,6,6,PASS,
79,MONOTONIC_WRITES,normal,netem delay 25ms 25ms,ONE,1,5,5,6,6,PASS,
80,MONOTONIC_WRITES,normal,netem delay 25ms 25ms,ONE,1,5,5,6,6,PASS,
81,MONOTONIC_WRITES,normal,netem delay 25ms 25ms,ONE,1,5,5,6,6,PASS,
82,MONOTONIC_WRITES,normal,netem delay 25ms 25ms,ONE,1,5,5,6,6,PASS,
83,MONOTONIC_WRITES,normal,netem delay 25ms 25ms,ONE,1,5,5,6,6,PASS,
84,MONOTONIC_WRITES,normal,netem delay 25ms 25ms,ONE,1,5,5,6,6,PASS,
85,MONOTONIC_WRITES,normal,netem delay 25ms 25ms,ONE,1,5,5,6,6,PASS,
86,MONOTONIC_WRITES,normal,netem delay 25ms 25ms,ONE,1,5,5,6,6,PASS,
87,MONOTONIC_WRITES,normal,netem delay 25ms 25ms,ONE,1,5,5,6,6,PASS,
88,MONOTONIC_WRITES,normal,netem delay 25ms 25ms,ONE,1,5,5,6,6,PASS,
89,MONOTONIC_WRITES,normal,netem delay 25ms 25ms,ONE,1,5,5,6,6,PASS,
90,MONOTONIC_WRITES,normal,netem delay 25ms 25ms,ONE,1,5,5,6,6,PASS,
91,MONOTONIC_WRITES,normal,netem delay 25ms 25ms,ONE,1,5,5,6,6,PASS,
92,MONOTONIC_WRITES,normal,netem delay 25ms 25ms,ONE,1,5,5,6,6,PASS,
93,MONOTONIC_WRITES,normal,netem delay 25ms 25ms,ONE,1,5,5,6,6,PASS,
94,MONOTONIC_WRITES,normal,netem delay 25ms 25ms,ONE,1,5,5,6,6,PASS,
95,MONOTONIC_WRITES,normal,netem delay 25ms 25ms,ONE,1,5,5,6,6,PASS,
96,MONOTONIC_WRITES,normal,netem delay 25ms 25ms,ONE,1,5,5,6,6,PASS,
97,MONOTONIC_WRITES,normal,netem delay 25ms 25ms,ONE,1,5,5,6,6,PASS,
98,MONOTONIC_WRITES,normal,netem delay 25ms 25ms,ONE,1,5,5,6,6,PASS,
99,MONOTONIC_WRITES,normal,netem delay 25ms 25ms,ONE,1,5,5,6,6,PASS,
100,MONOTONIC_WRITES,normal,netem delay 25ms 25ms,ONE,1,5,5,6,6,PASS,
101,MONOTONIC_WRITES,normal,netem delay 25ms 25ms,ONE,1,5,5,6,6,PASS,
102,MONOTONIC_WRITES,normal,netem delay 25ms 25ms,ONE,1,5,5,6,6,PASS,
103,MONOTONIC_WRITES,normal,netem delay 25ms 25ms,ONE,1,5,5,6,6,PASS,
104,MONOTONIC_WRITES,normal,netem delay 25ms 25ms,ONE,1,5,5,6,6,PASS,
105,MONOTONIC_WRITES,normal,netem delay 25ms 25ms,ONE,1,5,5,6,6,PASS,
106,MONOTONIC_WRITES,normal,netem delay 25ms 25ms,ONE,1,5,5,6,6,PASS,
107,MONOTONIC_WRITES,normal,netem delay 25ms 25ms,ONE,1,5,5,6,6,PASS,
108,MONOTONIC_WRITES,normal,netem delay 25ms 25ms,ONE,1,5,5,6,6,PASS,
109,MONOTONIC_WRITES,normal,netem delay 25ms 25ms,ONE,1,5,5,6,6,PASS,
110,MONOTONIC_WRITES,normal,netem delay 25ms 25ms,ONE,1,5,5,6,6,PASS,
111,MONOTONIC_WRITES,normal,netem delay 25ms 25ms,ONE,1,5,5,6,6,PASS,
112,MONOTONIC_WRITES,normal,netem delay 25ms 25ms,ONE,1,5,5,6,6,PASS,
113,MONOTONIC_WRITES,normal,netem delay 25ms 25ms,ONE,1,5,5,6,6,PASS,
114,MONOTONIC_WRITES,normal,netem delay 25ms 25ms,ONE,1,5,5,6,6,PASS,
115,MONOTONIC_WRITES,normal,netem delay 25ms 25ms,ONE,1,5,5,6,6,PASS,
116,MONOTONIC_WRITES,normal,netem delay 25ms 25ms,ONE,1,5,5,6,6,PASS,
117,MONOTONIC_WRITES,normal,netem delay 25ms 25ms,ONE,1,5,5,6,6,PASS,
118,MONOTONIC_WRITES,normal,netem delay 25ms 25ms,ONE,1,5,5,6,6,PASS,
119,MONOTONIC_WRITES,normal,netem delay 25ms 25ms,ONE,1,5,5,6,6,PASS,
120,MONOTONIC_WRITES,normal,netem delay 25ms 25ms,ONE,1,5,5,6,6,PASS,
121,MONOTONIC_WRITES,normal,netem delay 25ms 25ms,ONE,1,5,5,6,6,PASS,
122,MONOTONIC_WRITES,normal,netem delay 25ms 25ms,ONE,1,5,5,6,6,PASS,
123,MONOTONIC_WRITES,normal,netem delay 25ms 25ms,ONE,1,5,5,6,6,PASS,
124,MONOTONIC_WRITES,normal,netem delay 25ms 25ms,ONE,1,5,5,6,6,PASS,
125,MONOTONIC_WRITES,normal,netem delay 25ms 25ms,ONE,1,5,5,6,6,PASS,
126,MONOTONIC_WRITES,normal,netem delay 25ms 25ms,ONE,1,5,5,6,6,PASS,
127,MONOTONIC_WRITES,normal,netem delay 25ms 25ms,ONE,1,5,5,6,6,PASS,
128,MONOTONIC_WRITES,normal,netem delay 25ms 25ms,ONE,1,5,5,6,6,PASS,
129,MONOTONIC_WRITES,normal,netem delay 25ms 25ms,ONE,1,5,5,6,6,PASS,
130,MONOTONIC_WRITES,normal,netem delay 25ms 25ms,ONE,1,5,5,6,6,PASS,
131,MONOTONIC_WRITES,normal,netem delay 25ms 25ms,ONE,1,5,5,6,6,PASS,
132,MONOTONIC_WRITES,normal,netem delay 25ms 25ms,ONE,1,5,5,6,6,PASS,
133,MONOTONIC_WRITES,normal,netem delay 25ms 25ms,ONE,1,5,5,6,6,PASS,
134,MONOTONIC_WRITES,normal,netem delay 25ms 25ms,ONE,1,5,5,6,6,PASS,
135,MONOTONIC_WRITES,normal,netem delay 25ms 25ms,ONE,1,5,5,6,6,PASS,
136,MONOTONIC_WRITES,normal,netem delay 25ms 25ms,ONE,1,5,5,6,6,PASS,
137,MONOTONIC_WRITES,normal,netem delay 25ms 25ms,ONE,1,5,5,6,6,PASS,
138,MONOTONIC_WRITES,normal,netem delay 25ms 25ms,ONE,1,5,5,6,6,PASS,
139,MONOTONIC_WRITES,normal,netem delay 25ms 25ms,ONE,1,5,5,6,6,PASS,
140,MONOTONIC_WRITES,normal,netem delay 25ms 25ms,ONE,1,5,5,6,6,PASS,
141,MONOTONIC_WRITES,normal,netem delay 25ms 25ms,ONE,1,5,5,6,6,PASS,
142,MONOTONIC_WRITES,normal,netem delay 25ms 25ms,ONE,1,5,5,6,6,PASS,
143,MONOTONIC_WRITES,normal,netem delay 25ms 25ms,ONE,1,5,5,6,6,PASS,
144,MONOTONIC_WRITES,normal,netem delay 25ms 25ms,ONE,1,5,5,6,6,PASS,
145,MONOTONIC_WRITES,normal,netem delay 25ms 25ms,ONE,1,5,5,6,6,PASS,
146,MONOTONIC_WRITES,normal,netem delay 25ms 25ms,ONE,1,5,5,6,6,PASS,
147,MONOTONIC_WRITES,normal,netem delay 25ms 25ms,ONE,1,5,5,6,6,PASS,
148,MONOTONIC_WRITES,normal,netem delay 25ms 25ms,ONE,1,5,5,6,6,PASS,
149,MONOTONIC_WRITES,normal,netem delay 25ms 25ms,ONE,1,5,5,6,6,PASS,
150,MONOTONIC_WRITES,normal,netem delay 25ms 25ms,ONE,1,5,5,6,6,PASS,
151,MONOTONIC_WRITES,normal,netem delay 25ms 25ms,ONE,1,5,5,6,6,PASS,
152,MONOTONIC_WRITES,normal,netem delay 25ms 25ms,ONE,1,5,5,6,6,PASS,
153,MONOTONIC_WRITES,normal,netem delay 25ms 25ms,ONE,1,5,5,6,6,PASS,
154,MONOTONIC_WRITES,normal,netem delay 25ms 25ms,ONE,1,5,5,6,6,PASS,
155,MONOTONIC_WRITES,normal,netem delay 25ms 25ms,ONE,1,5,5,6,6,PASS,
156,MONOTONIC_WRITES,normal,netem delay 25ms 25ms,ONE,1,5,5,6,6,PASS,
157,MONOTONIC_WRITES,normal,netem delay 25ms 25ms,ONE,1,5,5,6,6,PASS,
158,MONOTONIC_WRITES,normal,netem delay 25ms 25ms,ONE,1,5,5,6,6,PASS,
159,MONOTONIC_WRITES,normal,netem delay 25ms 25ms,ONE,1,5,5,6,6,PASS,
160,MONOTONIC_WRITES,normal,netem delay 25ms 25ms,ONE,1,5,5,6,6,PASS,
161,MONOTONIC_WRITES,normal,netem delay 25ms 25ms,ONE,1,5,5,6,6,PASS,
162,MONOTONIC_WRITES,normal,netem delay 25ms 25ms,ONE,1,5,5,6,6,PASS,
163,MONOTONIC_WRITES,normal,netem delay 25ms 25ms,ONE,1,5,5,6,6,PASS,
164,MONOTONIC_WRITES,normal,netem delay 25ms 25ms,ONE,1,5,5,6,6,PASS,
165,MONOTONIC_WRITES,normal,netem delay 25ms 25ms,ONE,1,5,5,6,6,PASS,
166,MONOTONIC_WRITES,normal,netem delay 25ms 25ms,ONE,1,5,5,6,6,PASS,
167,MONOTONIC_WRITES,normal,netem delay 25ms 25ms,ONE,1,5,5,6,6,PASS,
168,MONOTONIC_WRITES,normal,netem delay 25ms 25ms,ONE,1,5,5,6,6,PASS,
169,MONOTONIC_WRITES,normal,netem delay 25ms 25ms,ONE,1,5,5,6,6,PASS,
170,MONOTONIC_WRITES,normal,netem delay 25ms 25ms,ONE,1,5,5,6,6,PASS,
171,MONOTONIC_WRITES,normal,netem delay 25ms 25ms,ONE,1,5,5,6,6,PASS,
172,MONOTONIC_WRITES,normal,netem delay 25ms 25ms,ONE,1,5,5,6,6,PASS,
173,MONOTONIC_WRITES,normal,netem delay 25ms 25ms,ONE,1,5,5,6,6,PASS,
174,MONOTONIC_WRITES,normal,netem delay 25ms 25ms,ONE,1,5,5,6,6,PASS,
175,MONOTONIC_WRITES,normal,netem delay 25ms 25ms,ONE,1,5,5,6,6,PASS,
176,MONOTONIC_WRITES,normal,netem delay 25ms 25ms,ONE,1,5,5,6,6,PASS,
177,MONOTONIC_WRITES,normal,netem delay 25ms 25ms,ONE,1,5,5,6,6,PASS,
178,MONOTONIC_WRITES,normal,netem delay 25ms 25ms,ONE,1,5,5,6,6,PASS,
179,MONOTONIC_WRITES,normal,netem delay 25ms 25ms,ONE,1,5,5,6,6,PASS,
180,MONOTONIC_WRITES,normal,netem delay 25ms 25ms,ONE,1,5,5,6,6,PASS,
181,MONOTONIC_WRITES,normal,netem delay 25ms 25ms,ONE,1,5,5,6,6,PASS,
182,MONOTONIC_WRITES,normal,netem delay 25ms 25ms,ONE,1,5,5,6,6,PASS,
183,MONOTONIC_WRITES,normal,netem delay 25ms 25ms,ONE,1,5,5,6,6,PASS,
184,MONOTONIC_WRITES,normal,netem delay 25ms 25ms,ONE,1,5,5,6,6,PASS,
185,MONOTONIC_WRITES,normal,netem delay 25ms 25ms,ONE,1,5,5,6,6,PASS,
186,MONOTONIC_WRITES,normal,netem delay 25ms 25ms,ONE,1,5,5,6,6,PASS,
187,MONOTONIC_WRITES,normal,netem delay 25ms 25ms,ONE,1,5,5,6,6,PASS,
188,MONOTONIC_WRITES,normal,netem delay 25ms 25ms,ONE,1,5,5,6,6,PASS,
189,MONOTONIC_WRITES,normal,netem delay 25ms 25ms,ONE,1,5,5,6,6,PASS,
190,MONOTONIC_WRITES,normal,netem delay 25ms 25ms,ONE,1,5,5,6,6,PASS,
191,MONOTONIC_WRITES,normal,netem delay 25ms 25ms,ONE,1,5,5,6,6,PASS,
192,MONOTONIC_WRITES,normal,netem delay 25ms 25ms,ONE,1,5,5,6,6,PASS,
193,MONOTONIC_WRITES,normal,netem delay 25ms 25ms,ONE,1,5,5,6,6,PASS,
194,MONOTONIC_WRITES,normal,netem delay 25ms 25ms,ONE,1,5,5,6,6,PASS,
195,MONOTONIC_WRITES,normal,netem delay 25ms 25ms,ONE,1,5,5,6,6,PASS,
196,MONOTONIC_WRITES,normal,netem delay 25ms 25ms,ONE,1,5,5,6,6,PASS,
197,MONOTONIC_WRITES,normal,netem delay 25ms 25ms,ONE,1,5,5,6,6,PASS,
198,MONOTONIC_WRITES,normal,netem delay 25ms 25ms,ONE,1,5,5,6,6,PASS,
199,MONOTONIC_WRITES,normal,netem delay 25ms 25ms,ONE,1,5,5,6,6,PASS,
200,MONOTONIC_WRITES,normal,netem delay 25ms 25ms,ONE,1,5,5,6,6,PASS,
1,MONOTONIC_WRITES,normal,netem delay 25ms 25ms,QUORUM,1,5,5,6,6,PASS,
2,MONOTONIC_WRITES,normal,netem delay 25ms 25ms,QUORUM,1,5,5,6,6,PASS,
3,MONOTONIC_WRITES,normal,netem delay 25ms 25ms,QUORUM,1,5,5,6,6,PASS,
4,MONOTONIC_WRITES,normal,netem delay 25ms 25ms,QUORUM,1,5,5,6,6,PASS,
5,MONOTONIC_WRITES,normal,netem delay 25ms 25ms,QUORUM,1,5,5,6,6,PASS,
6,MONOTONIC_WRITES,normal,netem delay 25ms 25ms,QUORUM,1,5,5,6,6,PASS,
7,MONOTONIC_WRITES,normal,netem delay 25ms 25ms,QUORUM,1,5,5,6,6,PASS,
8,MONOTONIC_WRITES,normal,netem delay 25ms 25ms,QUORUM,1,5,5,6,6,PASS,
9,MONOTONIC_WRITES,normal,netem delay 25ms 25ms,QUORUM,1,5,5,6,6,PASS,
10,MONOTONIC_WRITES,normal,netem delay 25ms 25ms,QUORUM,1,5,5,6,6,PASS,
11,MONOTONIC_WRITES,normal,netem delay 25ms 25ms,QUORUM,1,5,5,6,6,PASS,
12,MONOTONIC_WRITES,normal,netem delay 25ms 25ms,QUORUM,1,5,5,6,6,PASS,
13,MONOTONIC_WRITES,normal,netem delay 25ms 25ms,QUORUM,1,5,5,6,6,PASS,
14,MONOTONIC_WRITES,normal,netem delay 25ms 25ms,QUORUM,1,5,5,6,6,PASS,
15,MONOTONIC_WRITES,normal,netem delay 25ms 25ms,QUORUM,1,5,5,6,6,PASS,
16,MONOTONIC_WRITES,normal,netem delay 25ms 25ms,QUORUM,1,5,5,6,6,PASS,
17,MONOTONIC_WRITES,normal,netem delay 25ms 25ms,QUORUM,1,5,5,6,6,PASS,
18,MONOTONIC_WRITES,normal,netem delay 25ms 25ms,QUORUM,1,5,5,6,6,PASS,
19,MONOTONIC_WRITES,normal,netem delay 25ms 25ms,QUORUM,1,5,5,6,6,PASS,
20,MONOTONIC_WRITES,normal,netem delay 25ms 25ms,QUORUM,1,5,5,6,6,PASS,
21,MONOTONIC_WRITES,normal,netem delay 25ms 25ms,QUORUM,1,5,5,6,6,PASS,
22,MONOTONIC_WRITES,normal,netem delay 25ms 25ms,QUORUM,1,5,5,6,6,PASS,
23,MONOTONIC_WRITES,normal,netem delay 25ms 25ms,QUORUM,1,5,5,6,6,PASS,
24,MONOTONIC_WRITES,normal,netem delay 25ms 25ms,QUORUM,1,5,5,6,6,PASS,
25,MONOTONIC_WRITES,normal,netem delay 25ms 25ms,QUORUM,1,5,5,6,6,PASS,
26,MONOTONIC_WRITES,normal,netem delay 25ms 25ms,QUORUM,1,5,5,6,6,PASS,
27,MONOTONIC_WRITES,normal,netem delay 25ms 25ms,QUORUM,1,5,5,6,6,PASS,
28,MONOTONIC_WRITES,normal,netem delay 25ms 25ms,QUORUM,1,5,5,6,6,PASS,
29,MONOTONIC_WRITES,normal,netem delay 25ms 25ms,QUORUM,1,5,5,6,6,PASS,
30,MONOTONIC_WRITES,normal,netem delay 25ms 25ms,QUORUM,1,5,5,6,6,PASS,
31,MONOTONIC_WRITES,normal,netem delay 25ms 25ms,QUORUM,1,5,5,6,6,PASS,
32,MONOTONIC_WRITES,normal,netem delay 25ms 25ms,QUORUM,1,5,5,6,6,PASS,
33,MONOTONIC_WRITES,normal,netem delay 25ms 25ms,QUORUM,1,5,5,6,6,PASS,
34,MONOTONIC_WRITES,normal,netem delay 25ms 25ms,QUORUM,1,5,5,6,6,PASS,
35,MONOTONIC_WRITES,normal,netem delay 25ms 25ms,QUORUM,1,5,5,6,6,PASS,
36,MONOTONIC_WRITES,normal,netem delay 25ms 25ms,QUORUM,1,5,5,6,6,PASS,
37,MONOTONIC_WRITES,normal,netem delay 25ms 25ms,QUORUM,1,5,5,6,6,PASS,
38,MONOTONIC_WRITES,normal,netem delay 25ms 25ms,QUORUM,1,5,5,6,6,PASS,
39,MONOTONIC_WRITES,normal,netem delay 25ms 25ms,QUORUM,1,5,5,6,6,PASS,
40,MONOTONIC_WRITES,normal,netem delay 25ms 25ms,QUORUM,1,5,5,6,6,PASS,
41,MONOTONIC_WRITES,normal,netem delay 25ms 25ms,QUORUM,1,5,5,6,6,PASS,
42,MONOTONIC_WRITES,normal,netem delay 25ms 25ms,QUORUM,1,5,5,6,6,PASS,
43,MONOTONIC_WRITES,normal,netem delay 25ms 25ms,QUORUM,1,5,5,6,6,PASS,
44,MONOTONIC_WRITES,normal,netem delay 25ms 25ms,QUORUM,1,5,5,6,6,PASS,
45,MONOTONIC_WRITES,normal,netem delay 25ms 25ms,QUORUM,1,5,5,6,6,PASS,
46,MONOTONIC_WRITES,normal,netem delay 25ms 25ms,QUORUM,1,5,5,6,6,PASS,
47,MONOTONIC_WRITES,normal,netem delay 25ms 25ms,QUORUM,1,5,5,6,6,PASS,
48,MONOTONIC_WRITES,normal,netem delay 25ms 25ms,QUORUM,1,5,5,6,6,PASS,
49,MONOTONIC_WRITES,normal,netem delay 25ms 25ms,QUORUM,1,5,5,6,6,PASS,
50,MONOTONIC_WRITES,normal,netem delay 25ms 25ms,QUORUM,1,5,5,6,6,PASS,
51,MONOTONIC_WRITES,normal,netem delay 25ms 25ms,QUORUM,1,5,5,6,6,PASS,
52,MONOTONIC_WRITES,normal,netem delay 25ms 25ms,QUORUM,1,5,5,6,6,PASS,
53,MONOTONIC_WRITES,normal,netem delay 25ms 25ms,QUORUM,1,5,5,6,6,PASS,
54,MONOTONIC_WRITES,normal,netem delay 25ms 25ms,QUORUM,1,5,5,6,6,PASS,
55,MONOTONIC_WRITES,normal,netem delay 25ms 25ms,QUORUM,1,5,5,6,6,PASS,
56,MONOTONIC_WRITES,normal,netem delay 25ms 25ms,QUORUM,1,5,5,6,6,PASS,
57,MONOTONIC_WRITES,normal,netem delay 25ms 25ms,QUORUM,1,5,5,6,6,PASS,
58,MONOTONIC_WRITES,normal,netem delay 25ms 25ms,QUORUM,1,5,5,6,6,PASS,
59,MONOTONIC_WRITES,normal,netem delay 25ms 25ms,QUORUM,1,5,5,6,6,PASS,
60,MONOTONIC_WRITES,normal,netem delay 25ms 25ms,QUORUM,1,5,5,6,6,PASS,
61,MONOTONIC_WRITES,normal,netem delay 25ms 25ms,QUORUM,1,5,5,6,6,PASS,
62,MONOTONIC_WRITES,normal,netem delay 25ms 25ms,QUORUM,1,5,5,6,6,PASS,
63,MONOTONIC_WRITES,normal,netem delay 25ms 25ms,QUORUM,1,5,5,6,6,PASS,
64,MONOTONIC_WRITES,normal,netem delay 25ms 25ms,QUORUM,1,5,5,6,6,PASS,
65,MONOTONIC_WRITES,normal,netem delay 25ms 25ms,QUORUM,1,5,5,6,6,PASS,
66,MONOTONIC_WRITES,normal,netem delay 25ms 25ms,QUORUM,1,5,5,6,6,PASS,
67,MONOTONIC_WRITES,normal,netem delay 25ms 25ms,QUORUM,1,5,5,6,6,PASS,
68,MONOTONIC_WRITES,normal,netem delay 25ms 25ms,QUORUM,1,5,5,6,6,PASS,
69,MONOTONIC_WRITES,normal,netem delay 25ms 25ms,QUORUM,1,5,5,6,6,PASS,
70,MONOTONIC_WRITES,normal,netem delay 25ms 25ms,QUORUM,1,5,5,6,6,PASS,
71,MONOTONIC_WRITES,normal,netem delay 25ms 25ms,QUORUM,1,5,5,6,6,PASS,
72,MONOTONIC_WRITES,normal,netem delay 25ms 25ms,QUORUM,1,5,5,6,6,PASS,
73,MONOTONIC_WRITES,normal,netem delay 25ms 25ms,QUORUM,1,5,5,6,6,PASS,
74,MONOTONIC_WRITES,normal,netem delay 25ms 25ms,QUORUM,1,5,5,6,6,PASS,
75,MONOTONIC_WRITES,normal,netem delay 25ms 25ms,QUORUM,1,5,5,6,6,PASS,
76,MONOTONIC_WRITES,normal,netem delay 25ms 25ms,QUORUM,1,5,5,6,6,PASS,
77,MONOTONIC_WRITES,normal,netem delay 25ms 25ms,QUORUM,1,5,5,6,6,PASS,
78,MONOTONIC_WRITES,normal,netem delay 25ms 25ms,QUORUM,1,5,5,6,6,PASS,
79,MONOTONIC_WRITES,normal,netem delay 25ms 25ms,QUORUM,1,5,5,6,6,PASS,
80,MONOTONIC_WRITES,normal,netem delay 25ms 25ms,QUORUM,1,5,5,6,6,PASS,
81,MONOTONIC_WRITES,normal,netem delay 25ms 25ms,QUORUM,1,5,5,6,6,PASS,
82,MONOTONIC_WRITES,normal,netem delay 25ms 25ms,QUORUM,1,5,5,6,6,PASS,
83,MONOTONIC_WRITES,normal,netem delay 25ms 25ms,QUORUM,1,5,5,6,6,PASS,
84,MONOTONIC_WRITES,normal,netem delay 25ms 25ms,QUORUM,1,5,5,6,6,PASS,
85,MONOTONIC_WRITES,normal,netem delay 25ms 25ms,QUORUM,1,5,5,6,6,PASS,
86,MONOTONIC_WRITES,normal,netem delay 25ms 25ms,QUORUM,1,5,5,6,6,PASS,
87,MONOTONIC_WRITES,normal,netem delay 25ms 25ms,QUORUM,1,5,5,6,6,PASS,
88,MONOTONIC_WRITES,normal,netem delay 25ms 25ms,QUORUM,1,5,5,6,6,PASS,
89,MONOTONIC_WRITES,normal,netem delay 25ms 25ms,QUORUM,1,5,5,6,6,PASS,
90,MONOTONIC_WRITES,normal,netem delay 25ms 25ms,QUORUM,1,5,5,6,6,PASS,
91,MONOTONIC_WRITES,normal,netem delay 25ms 25ms,QUORUM,1,5,5,6,6,PASS,
92,MONOTONIC_WRITES,normal,netem delay 25ms 25ms,QUORUM,1,5,5,6,6,PASS,
93,MONOTONIC_WRITES,normal,netem delay 25ms 25ms,QUORUM,1,5,5,6,6,PASS,
94,MONOTONIC_WRITES,normal,netem delay 25ms 25ms,QUORUM,1,5,5,6,6,PASS,
95,MONOTONIC_WRITES,normal,netem delay 25ms 25ms,QUORUM,1,5,5,6,6,PASS,
96,MONOTONIC_WRITES,normal,netem delay 25ms 25ms,QUORUM,1,5,5,6,6,PASS,
97,MONOTONIC_WRITES,normal,netem delay 25ms 25ms,QUORUM,1,5,5,6,6,PASS,
98,MONOTONIC_WRITES,normal,netem delay 25ms 25ms,QUORUM,1,5,5,6,6,PASS,
99,MONOTONIC_WRITES,normal,netem delay 25ms 25ms,QUORUM,1,5,5,6,6,PASS,
100,MONOTONIC_WRITES,normal,netem delay 25ms 25ms,QUORUM,1,5,5,6,6,PASS,
101,MONOTONIC_WRITES,normal,netem delay 25ms 25ms,QUORUM,1,5,5,6,6,PASS,
102,MONOTONIC_WRITES,normal,netem delay 25ms 25ms,QUORUM,1,5,5,6,6,PASS,
103,MONOTONIC_WRITES,normal,netem delay 25ms 25ms,QUORUM,1,5,5,6,6,PASS,
104,MONOTONIC_WRITES,normal,netem delay 25ms 25ms,QUORUM,1,5,5,6,6,PASS,
105,MONOTONIC_WRITES,normal,netem delay 25ms 25ms,QUORUM,1,5,5,6,6,PASS,
106,MONOTONIC_WRITES,normal,netem delay 25ms 25ms,QUORUM,1,5,5,6,6,PASS,
107,MONOTONIC_WRITES,normal,netem delay 25ms 25ms,QUORUM,1,5,5,6,6,PASS,
108,MONOTONIC_WRITES,normal,netem delay 25ms 25ms,QUORUM,1,5,5,6,6,PASS,
109,MONOTONIC_WRITES,normal,netem delay 25ms 25ms,QUORUM,1,5,5,6,6,PASS,
110,MONOTONIC_WRITES,normal,netem delay 25ms 25ms,QUORUM,1,5,5,6,6,PASS,
111,MONOTONIC_WRITES,normal,netem delay 25ms 25ms,QUORUM,1,5,5,6,6,PASS,
112,MONOTONIC_WRITES,normal,netem delay 25ms 25ms,QUORUM,1,5,5,6,6,PASS,
113,MONOTONIC_WRITES,normal,netem delay 25ms 25ms,QUORUM,1,5,5,6,6,PASS,
114,MONOTONIC_WRITES,normal,netem delay 25ms 25ms,QUORUM,1,5,5,6,6,PASS,
115,MONOTONIC_WRITES,normal,netem delay 25ms 25ms,QUORUM,1,5,5,6,6,PASS,
116,MONOTONIC_WRITES,normal,netem delay 25ms 25ms,QUORUM,1,5,5,6,6,PASS,
117,MONOTONIC_WRITES,normal,netem delay 25ms 25ms,QUORUM,1,5,5,6,6,PASS,
118,MONOTONIC_WRITES,normal,netem delay 25ms 25ms,QUORUM,1,5,5,6,6,PASS,
119,MONOTONIC_WRITES,normal,netem delay 25ms 25ms,QUORUM,1,5,5,6,6,PASS,
120,MONOTONIC_WRITES,normal,netem delay 25ms 25ms,QUORUM,1,5,5,6,6,PASS,
121,MONOTONIC_WRITES,normal,netem delay 25ms 25ms,QUORUM,1,5,5,6,6,PASS,
122,MONOTONIC_WRITES,normal,netem delay 25ms 25ms,QUORUM,1,5,5,6,6,PASS,
123,MONOTONIC_WRITES,normal,netem delay 25ms 25ms,QUORUM,1,5,5,6,6,PASS,
124,MONOTONIC_WRITES,normal,netem delay 25ms 25ms,QUORUM,1,5,5,6,6,PASS,
125,MONOTONIC_WRITES,normal,netem delay 25ms 25ms,QUORUM,1,5,5,6,6,PASS,
126,MONOTONIC_WRITES,normal,netem delay 25ms 25ms,QUORUM,1,5,5,6,6,PASS,
127,MONOTONIC_WRITES,normal,netem delay 25ms 25ms,QUORUM,1,5,5,6,6,PASS,
128,MONOTONIC_WRITES,normal,netem delay 25ms 25ms,QUORUM,1,5,5,6,6,PASS,
129,MONOTONIC_WRITES,normal,netem delay 25ms 25ms,QUORUM,1,5,5,6,6,PASS,
130,MONOTONIC_WRITES,normal,netem delay 25ms 25ms,QUORUM,1,5,5,6,6,PASS,
131,MONOTONIC_WRITES,normal,netem delay 25ms 25ms,QUORUM,1,5,5,6,6,PASS,
132,MONOTONIC_WRITES,normal,netem delay 25ms 25ms,QUORUM,1,5,5,6,6,PASS,
133,MONOTONIC_WRITES,normal,netem delay 25ms 25ms,QUORUM,1,5,5,6,6,PASS,
134,MONOTONIC_WRITES,normal,netem delay 25ms 25ms,QUORUM,1,5,5,6,6,PASS,
135,MONOTONIC_WRITES,normal,netem delay 25ms 25ms,QUORUM,1,5,5,6,6,PASS,
136,MONOTONIC_WRITES,normal,netem delay 25ms 25ms,QUORUM,1,5,5,6,6,PASS,
137,MONOTONIC_WRITES,normal,netem delay 25ms 25ms,QUORUM,1,5,5,6,6,PASS,
138,MONOTONIC_WRITES,normal,netem delay 25ms 25ms,QUORUM,1,5,5,6,6,PASS,
139,MONOTONIC_WRITES,normal,netem delay 25ms 25ms,QUORUM,1,5,5,6,6,PASS,
140,MONOTONIC_WRITES,normal,netem delay 25ms 25ms,QUORUM,1,5,5,6,6,PASS,
141,MONOTONIC_WRITES,normal,netem delay 25ms 25ms,QUORUM,1,5,5,6,6,PASS,
142,MONOTONIC_WRITES,normal,netem delay 25ms 25ms,QUORUM,1,5,5,6,6,PASS,
143,MONOTONIC_WRITES,normal,netem delay 25ms 25ms,QUORUM,1,5,5,6,6,PASS,
144,MONOTONIC_WRITES,normal,netem delay 25ms 25ms,QUORUM,1,5,5,6,6,PASS,
145,MONOTONIC_WRITES,normal,netem delay 25ms 25ms,QUORUM,1,5,5,6,6,PASS,
146,MONOTONIC_WRITES,normal,netem delay 25ms 25ms,QUORUM,1,5,5,6,6,PASS,
147,MONOTONIC_WRITES,normal,netem delay 25ms 25ms,QUORUM,1,5,5,6,6,PASS,
148,MONOTONIC_WRITES,normal,netem delay 25ms 25ms,QUORUM,1,5,5,6,6,PASS,
149,MONOTONIC_WRITES,normal,netem delay 25ms 25ms,QUORUM,1,5,5,6,6,PASS,
150,MONOTONIC_WRITES,normal,netem delay 25ms 25ms,QUORUM,1,5,5,6,6,PASS,
151,MONOTONIC_WRITES,normal,netem delay 25ms 25ms,QUORUM,1,5,5,6,6,PASS,
152,MONOTONIC_WRITES,normal,netem delay 25ms 25ms,QUORUM,1,5,5,6,6,PASS,
153,MONOTONIC_WRITES,normal,netem delay 25ms 25ms,QUORUM,1,5,5,6,6,PASS,
154,MONOTONIC_WRITES,normal,netem delay 25ms 25ms,QUORUM,1,5,5,6,6,PASS,
155,MONOTONIC_WRITES,normal,netem delay 25ms 25ms,QUORUM,1,5,5,6,6,PASS,
156,MONOTONIC_WRITES,normal,netem delay 25ms 25ms,QUORUM,1,5,5,6,6,PASS,
157,MONOTONIC_WRITES,normal,netem delay 25ms 25ms,QUORUM,1,5,5,6,6,PASS,
158,MONOTONIC_WRITES,normal,netem delay 25ms 25ms,QUORUM,1,5,5,6,6,PASS,
159,MONOTONIC_WRITES,normal,netem delay 25ms 25ms,QUORUM,1,5,5,6,6,PASS,
160,MONOTONIC_WRITES,normal,netem delay 25ms 25ms,QUORUM,1,5,5,6,6,PASS,
161,MONOTONIC_WRITES,normal,netem delay 25ms 25ms,QUORUM,1,5,5,6,6,PASS,
162,MONOTONIC_WRITES,normal,netem delay 25ms 25ms,QUORUM,1,5,5,6,6,PASS,
163,MONOTONIC_WRITES,normal,netem delay 25ms 25ms,QUORUM,1,5,5,6,6,PASS,
164,MONOTONIC_WRITES,normal,netem delay 25ms 25ms,QUORUM,1,5,5,6,6,PASS,
165,MONOTONIC_WRITES,normal,netem delay 25ms 25ms,QUORUM,1,5,5,6,6,PASS,
166,MONOTONIC_WRITES,normal,netem delay 25ms 25ms,QUORUM,1,5,5,6,6,PASS,
167,MONOTONIC_WRITES,normal,netem delay 25ms 25ms,QUORUM,1,5,5,6,6,PASS,
168,MONOTONIC_WRITES,normal,netem delay 25ms 25ms,QUORUM,1,5,5,6,6,PASS,
169,MONOTONIC_WRITES,normal,netem delay 25ms 25ms,QUORUM,1,5,5,6,6,PASS,
170,MONOTONIC_WRITES,normal,netem delay 25ms 25ms,QUORUM,1,5,5,6,6,PASS,
171,MONOTONIC_WRITES,normal,netem delay 25ms 25ms,QUORUM,1,5,5,6,6,PASS,
172,MONOTONIC_WRITES,normal,netem delay 25ms 25ms,QUORUM,1,5,5,6,6,PASS,
173,MONOTONIC_WRITES,normal,netem delay 25ms 25ms,QUORUM,1,5,5,6,6,PASS,
174,MONOTONIC_WRITES,normal,netem delay 25ms 25ms,QUORUM,1,5,5,6,6,PASS,
175,MONOTONIC_WRITES,normal,netem delay 25ms 25ms,QUORUM,1,5,5,6,6,PASS,
176,MONOTONIC_WRITES,normal,netem delay 25ms 25ms,QUORUM,1,5,5,6,6,PASS,
177,MONOTONIC_WRITES,normal,netem delay 25ms 25ms,QUORUM,1,5,5,6,6,PASS,
178,MONOTONIC_WRITES,normal,netem delay 25ms 25ms,QUORUM,1,5,5,6,6,PASS,
179,MONOTONIC_WRITES,normal,netem delay 25ms 25ms,QUORUM,1,5,5,6,6,PASS,
180,MONOTONIC_WRITES,normal,netem delay 25ms 25ms,QUORUM,1,5,5,6,6,PASS,
181,MONOTONIC_WRITES,normal,netem delay 25ms 25ms,QUORUM,1,5,5,6,6,PASS,
182,MONOTONIC_WRITES,normal,netem delay 25ms 25ms,QUORUM,1,5,5,6,6,PASS,
183,MONOTONIC_WRITES,normal,netem delay 25ms 25ms,QUORUM,1,5,5,6,6,PASS,
184,MONOTONIC_WRITES,normal,netem delay 25ms 25ms,QUORUM,1,5,5,6,6,PASS,
185,MONOTONIC_WRITES,normal,netem delay 25ms 25ms,QUORUM,1,5,5,6,6,PASS,
186,MONOTONIC_WRITES,normal,netem delay 25ms 25ms,QUORUM,1,5,5,6,6,PASS,
187,MONOTONIC_WRITES,normal,netem delay 25ms 25ms,QUORUM,1,5,5,6,6,PASS,
188,MONOTONIC_WRITES,normal,netem delay 25ms 25ms,QUORUM,1,5,5,6,6,PASS,
189,MONOTONIC_WRITES,normal,netem delay 25ms 25ms,QUORUM,1,5,5,6,6,PASS,
190,MONOTONIC_WRITES,normal,netem delay 25ms 25ms,QUORUM,1,5,5,6,6,PASS,
191,MONOTONIC_WRITES,normal,netem delay 25ms 25ms,QUORUM,1,5,5,6,6,PASS,
192,MONOTONIC_WRITES,normal,netem delay 25ms 25ms,QUORUM,1,5,5,6,6,PASS,
193,MONOTONIC_WRITES,normal,netem delay 25ms 25ms,QUORUM,1,5,5,6,6,PASS,
194,MONOTONIC_WRITES,normal,netem delay 25ms 25ms,QUORUM,1,5,5,6,6,PASS,
195,MONOTONIC_WRITES,normal,netem delay 25ms 25ms,QUORUM,1,5,5,6,6,PASS,
196,MONOTONIC_WRITES,normal,netem delay 25ms 25ms,QUORUM,1,5,5,6,6,PASS,
197,MONOTONIC_WRITES,normal,netem delay 25ms 25ms,QUORUM,1,5,5,6,6,PASS,
198,MONOTONIC_WRITES,normal,netem delay 25ms 25ms,QUORUM,1,5,5,6,6,PASS,
199,MONOTONIC_WRITES,normal,netem delay 25ms 25ms,QUORUM,1,5,5,6,6,PASS,
200,MONOTONIC_WRITES,normal,netem delay 25ms 25ms,QUORUM,1,5,5,6,6,PASS,
1,MONOTONIC_WRITES,normal,netem delay 25ms 25ms,ALL,1,5,5,6,6,PASS,
2,MONOTONIC_WRITES,normal,netem delay 25ms 25ms,ALL,1,5,5,6,6,PASS,
3,MONOTONIC_WRITES,normal,netem delay 25ms 25ms,ALL,1,5,5,6,6,PASS,
4,MONOTONIC_WRITES,normal,netem delay 25ms 25ms,ALL,1,5,5,6,6,PASS,
5,MONOTONIC_WRITES,normal,netem delay 25ms 25ms,ALL,1,5,5,6,6,PASS,
6,MONOTONIC_WRITES,normal,netem delay 25ms 25ms,ALL,1,5,5,6,6,PASS,
7,MONOTONIC_WRITES,normal,netem delay 25ms 25ms,ALL,1,5,5,6,6,PASS,
8,MONOTONIC_WRITES,normal,netem delay 25ms 25ms,ALL,1,5,5,6,6,PASS,
9,MONOTONIC_WRITES,normal,netem delay 25ms 25ms,ALL,1,5,5,6,6,PASS,
10,MONOTONIC_WRITES,normal,netem delay 25ms 25ms,ALL,1,5,5,6,6,PASS,
11,MONOTONIC_WRITES,normal,netem delay 25ms 25ms,ALL,1,5,5,6,6,PASS,
12,MONOTONIC_WRITES,normal,netem delay 25ms 25ms,ALL,1,5,5,6,6,PASS,
13,MONOTONIC_WRITES,normal,netem delay 25ms 25ms,ALL,1,5,5,6,6,PASS,
14,MONOTONIC_WRITES,normal,netem delay 25ms 25ms,ALL,1,5,5,6,6,PASS,
15,MONOTONIC_WRITES,normal,netem delay 25ms 25ms,ALL,1,5,5,6,6,PASS,
16,MONOTONIC_WRITES,normal,netem delay 25ms 25ms,ALL,1,5,5,6,6,PASS,
17,MONOTONIC_WRITES,normal,netem delay 25ms 25ms,ALL,1,5,5,6,6,PASS,
18,MONOTONIC_WRITES,normal,netem delay 25ms 25ms,ALL,1,5,5,6,6,PASS,
19,MONOTONIC_WRITES,normal,netem delay 25ms 25ms,ALL,1,5,5,6,6,PASS,
20,MONOTONIC_WRITES,normal,netem delay 25ms 25ms,ALL,1,5,5,6,6,PASS,
21,MONOTONIC_WRITES,normal,netem delay 25ms 25ms,ALL,1,5,5,6,6,PASS,
22,MONOTONIC_WRITES,normal,netem delay 25ms 25ms,ALL,1,5,5,6,6,PASS,
23,MONOTONIC_WRITES,normal,netem delay 25ms 25ms,ALL,1,5,5,6,6,PASS,
24,MONOTONIC_WRITES,normal,netem delay 25ms 25ms,ALL,1,5,5,6,6,PASS,
25,MONOTONIC_WRITES,normal,netem delay 25ms 25ms,ALL,1,5,5,6,6,PASS,
26,MONOTONIC_WRITES,normal,netem delay 25ms 25ms,ALL,1,5,5,6,6,PASS,
27,MONOTONIC_WRITES,normal,netem delay 25ms 25ms,ALL,1,5,5,6,6,PASS,
28,MONOTONIC_WRITES,normal,netem delay 25ms 25ms,ALL,1,5,5,6,6,PASS,
29,MONOTONIC_WRITES,normal,netem delay 25ms 25ms,ALL,1,5,5,6,6,PASS,
30,MONOTONIC_WRITES,normal,netem delay 25ms 25ms,ALL,1,5,5,6,6,PASS,
31,MONOTONIC_WRITES,normal,netem delay 25ms 25ms,ALL,1,5,5,6,6,PASS,
32,MONOTONIC_WRITES,normal,netem delay 25ms 25ms,ALL,1,5,5,6,6,PASS,
33,MONOTONIC_WRITES,normal,netem delay 25ms 25ms,ALL,1,5,5,6,6,PASS,
34,MONOTONIC_WRITES,normal,netem delay 25ms 25ms,ALL,1,5,5,6,6,PASS,
35,MONOTONIC_WRITES,normal,netem delay 25ms 25ms,ALL,1,5,5,6,6,PASS,
36,MONOTONIC_WRITES,normal,netem delay 25ms 25ms,ALL,1,5,5,6,6,PASS,
37,MONOTONIC_WRITES,normal,netem delay 25ms 25ms,ALL,1,5,5,6,6,PASS,
38,MONOTONIC_WRITES,normal,netem delay 25ms 25ms,ALL,1,5,5,6,6,PASS,
39,MONOTONIC_WRITES,normal,netem delay 25ms 25ms,ALL,1,5,5,6,6,PASS,
40,MONOTONIC_WRITES,normal,netem delay 25ms 25ms,ALL,1,5,5,6,6,PASS,
41,MONOTONIC_WRITES,normal,netem delay 25ms 25ms,ALL,1,5,5,6,6,PASS,
42,MONOTONIC_WRITES,normal,netem delay 25ms 25ms,ALL,1,5,5,6,6,PASS,
43,MONOTONIC_WRITES,normal,netem delay 25ms 25ms,ALL,1,5,5,6,6,PASS,
44,MONOTONIC_WRITES,normal,netem delay 25ms 25ms,ALL,1,5,5,6,6,PASS,
45,MONOTONIC_WRITES,normal,netem delay 25ms 25ms,ALL,1,5,5,6,6,PASS,
46,MONOTONIC_WRITES,normal,netem delay 25ms 25ms,ALL,1,5,5,6,6,PASS,
47,MONOTONIC_WRITES,normal,netem delay 25ms 25ms,ALL,1,5,5,6,6,PASS,
48,MONOTONIC_WRITES,normal,netem delay 25ms 25ms,ALL,1,5,5,6,6,PASS,
49,MONOTONIC_WRITES,normal,netem delay 25ms 25ms,ALL,1,5,5,6,6,PASS,
50,MONOTONIC_WRITES,normal,netem delay 25ms 25ms,ALL,1,5,5,6,6,PASS,
51,MONOTONIC_WRITES,normal,netem delay 25ms 25ms,ALL,1,5,5,6,6,PASS,
52,MONOTONIC_WRITES,normal,netem delay 25ms 25ms,ALL,1,5,5,6,6,PASS,
53,MONOTONIC_WRITES,normal,netem delay 25ms 25ms,ALL,1,5,5,6,6,PASS,
54,MONOTONIC_WRITES,normal,netem delay 25ms 25ms,ALL,1,5,5,6,6,PASS,
55,MONOTONIC_WRITES,normal,netem delay 25ms 25ms,ALL,1,5,5,6,6,PASS,
56,MONOTONIC_WRITES,normal,netem delay 25ms 25ms,ALL,1,5,5,6,6,PASS,
57,MONOTONIC_WRITES,normal,netem delay 25ms 25ms,ALL,1,5,5,6,6,PASS,
58,MONOTONIC_WRITES,normal,netem delay 25ms 25ms,ALL,1,5,5,6,6,PASS,
59,MONOTONIC_WRITES,normal,netem delay 25ms 25ms,ALL,1,5,5,6,6,PASS,
60,MONOTONIC_WRITES,normal,netem delay 25ms 25ms,ALL,1,5,5,6,6,PASS,
61,MONOTONIC_WRITES,normal,netem delay 25ms 25ms,ALL,1,5,5,6,6,PASS,
62,MONOTONIC_WRITES,normal,netem delay 25ms 25ms,ALL,1,5,5,6,6,PASS,
63,MONOTONIC_WRITES,normal,netem delay 25ms 25ms,ALL,1,5,5,6,6,PASS,
64,MONOTONIC_WRITES,normal,netem delay 25ms 25ms,ALL,1,5,5,6,6,PASS,
65,MONOTONIC_WRITES,normal,netem delay 25ms 25ms,ALL,1,5,5,6,6,PASS,
66,MONOTONIC_WRITES,normal,netem delay 25ms 25ms,ALL,1,5,5,6,6,PASS,
67,MONOTONIC_WRITES,normal,netem delay 25ms 25ms,ALL,1,5,5,6,6,PASS,
68,MONOTONIC_WRITES,normal,netem delay 25ms 25ms,ALL,1,5,5,6,6,PASS,
69,MONOTONIC_WRITES,normal,netem delay 25ms 25ms,ALL,1,5,5,6,6,PASS,
70,MONOTONIC_WRITES,normal,netem delay 25ms 25ms,ALL,1,5,5,6,6,PASS,
71,MONOTONIC_WRITES,normal,netem delay 25ms 25ms,ALL,1,5,5,6,6,PASS,
72,MONOTONIC_WRITES,normal,netem delay 25ms 25ms,ALL,1,5,5,6,6,PASS,
73,MONOTONIC_WRITES,normal,netem delay 25ms 25ms,ALL,1,5,5,6,6,PASS,
74,MONOTONIC_WRITES,normal,netem delay 25ms 25ms,ALL,1,5,5,6,6,PASS,
75,MONOTONIC_WRITES,normal,netem delay 25ms 25ms,ALL,1,5,5,6,6,PASS,
76,MONOTONIC_WRITES,normal,netem delay 25ms 25ms,ALL,1,5,5,6,6,PASS,
77,MONOTONIC_WRITES,normal,netem delay 25ms 25ms,ALL,1,5,5,6,6,PASS,
78,MONOTONIC_WRITES,normal,netem delay 25ms 25ms,ALL,1,5,5,6,6,PASS,
79,MONOTONIC_WRITES,normal,netem delay 25ms 25ms,ALL,1,5,5,6,6,PASS,
80,MONOTONIC_WRITES,normal,netem delay 25ms 25ms,ALL,1,5,5,6,6,PASS,
81,MONOTONIC_WRITES,normal,netem delay 25ms 25ms,ALL,1,5,5,6,6,PASS,
82,MONOTONIC_WRITES,normal,netem delay 25ms 25ms,ALL,1,5,5,6,6,PASS,
83,MONOTONIC_WRITES,normal,netem delay 25ms 25ms,ALL,1,5,5,6,6,PASS,
84,MONOTONIC_WRITES,normal,netem delay 25ms 25ms,ALL,1,5,5,6,6,PASS,
85,MONOTONIC_WRITES,normal,netem delay 25ms 25ms,ALL,1,5,5,6,6,PASS,
86,MONOTONIC_WRITES,normal,netem delay 25ms 25ms,ALL,1,5,5,6,6,PASS,
87,MONOTONIC_WRITES,normal,netem delay 25ms 25ms,ALL,1,5,5,6,6,PASS,
88,MONOTONIC_WRITES,normal,netem delay 25ms 25ms,ALL,1,5,5,6,6,PASS,
89,MONOTONIC_WRITES,normal,netem delay 25ms 25ms,ALL,1,5,5,6,6,PASS,
90,MONOTONIC_WRITES,normal,netem delay 25ms 25ms,ALL,1,5,5,6,6,PASS,
91,MONOTONIC_WRITES,normal,netem delay 25ms 25ms,ALL,1,5,5,6,6,PASS,
92,MONOTONIC_WRITES,normal,netem delay 25ms 25ms,ALL,1,5,5,6,6,PASS,
93,MONOTONIC_WRITES,normal,netem delay 25ms 25ms,ALL,1,5,5,6,6,PASS,
94,MONOTONIC_WRITES,normal,netem delay 25ms 25ms,ALL,1,5,5,6,6,PASS,
95,MONOTONIC_WRITES,normal,netem delay 25ms 25ms,ALL,1,5,5,6,6,PASS,
96,MONOTONIC_WRITES,normal,netem delay 25ms 25ms,ALL,1,5,5,6,6,PASS,
97,MONOTONIC_WRITES,normal,netem delay 25ms 25ms,ALL,1,5,5,6,6,PASS,
98,MONOTONIC_WRITES,normal,netem delay 25ms 25ms,ALL,1,5,5,6,6,PASS,
99,MONOTONIC_WRITES,normal,netem delay 25ms 25ms,ALL,1,5,5,6,6,PASS,
100,MONOTONIC_WRITES,normal,netem delay 25ms 25ms,ALL,1,5,5,6,6,PASS,
101,MONOTONIC_WRITES,normal,netem delay 25ms 25ms,ALL,1,5,5,6,6,PASS,
102,MONOTONIC_WRITES,normal,netem delay 25ms 25ms,ALL,1,5,5,6,6,PASS,
103,MONOTONIC_WRITES,normal,netem delay 25ms 25ms,ALL,1,5,5,6,6,PASS,
104,MONOTONIC_WRITES,normal,netem delay 25ms 25ms,ALL,1,5,5,6,6,PASS,
105,MONOTONIC_WRITES,normal,netem delay 25ms 25ms,ALL,1,5,5,6,6,PASS,
106,MONOTONIC_WRITES,normal,netem delay 25ms 25ms,ALL,1,5,5,6,6,PASS,
107,MONOTONIC_WRITES,normal,netem delay 25ms 25ms,ALL,1,5,5,6,6,PASS,
108,MONOTONIC_WRITES,normal,netem delay 25ms 25ms,ALL,1,5,5,6,6,PASS,
109,MONOTONIC_WRITES,normal,netem delay 25ms 25ms,ALL,1,5,5,6,6,PASS,
110,MONOTONIC_WRITES,normal,netem delay 25ms 25ms,ALL,1,5,5,6,6,PASS,
111,MONOTONIC_WRITES,normal,netem delay 25ms 25ms,ALL,1,5,5,6,6,PASS,
112,MONOTONIC_WRITES,normal,netem delay 25ms 25ms,ALL,1,5,5,6,6,PASS,
113,MONOTONIC_WRITES,normal,netem delay 25ms 25ms,ALL,1,5,5,6,6,PASS,
114,MONOTONIC_WRITES,normal,netem delay 25ms 25ms,ALL,1,5,5,6,6,PASS,
115,MONOTONIC_WRITES,normal,netem delay 25ms 25ms,ALL,1,5,5,6,6,PASS,
116,MONOTONIC_WRITES,normal,netem delay 25ms 25ms,ALL,1,5,5,6,6,PASS,
117,MONOTONIC_WRITES,normal,netem delay 25ms 25ms,ALL,1,5,5,6,6,PASS,
118,MONOTONIC_WRITES,normal,netem delay 25ms 25ms,ALL,1,5,5,6,6,PASS,
119,MONOTONIC_WRITES,normal,netem delay 25ms 25ms,ALL,1,5,5,6,6,PASS,
120,MONOTONIC_WRITES,normal,netem delay 25ms 25ms,ALL,1,5,5,6,6,PASS,
121,MONOTONIC_WRITES,normal,netem delay 25ms 25ms,ALL,1,5,5,6,6,PASS,
122,MONOTONIC_WRITES,normal,netem delay 25ms 25ms,ALL,1,5,5,6,6,PASS,
123,MONOTONIC_WRITES,normal,netem delay 25ms 25ms,ALL,1,5,5,6,6,PASS,
124,MONOTONIC_WRITES,normal,netem delay 25ms 25ms,ALL,1,5,5,6,6,PASS,
125,MONOTONIC_WRITES,normal,netem delay 25ms 25ms,ALL,1,5,5,6,6,PASS,
126,MONOTONIC_WRITES,normal,netem delay 25ms 25ms,ALL,1,5,5,6,6,PASS,
127,MONOTONIC_WRITES,normal,netem delay 25ms 25ms,ALL,1,5,5,6,6,PASS,
128,MONOTONIC_WRITES,normal,netem delay 25ms 25ms,ALL,1,5,5,6,6,PASS,
129,MONOTONIC_WRITES,normal,netem delay 25ms 25ms,ALL,1,5,5,6,6,PASS,
130,MONOTONIC_WRITES,normal,netem delay 25ms 25ms,ALL,1,5,5,6,6,PASS,
131,MONOTONIC_WRITES,normal,netem delay 25ms 25ms,ALL,1,5,5,6,6,PASS,
132,MONOTONIC_WRITES,normal,netem delay 25ms 25ms,ALL,1,5,5,6,6,PASS,
133,MONOTONIC_WRITES,normal,netem delay 25ms 25ms,ALL,1,5,5,6,6,PASS,
134,MONOTONIC_WRITES,normal,netem delay 25ms 25ms,ALL,1,5,5,6,6,PASS,
135,MONOTONIC_WRITES,normal,netem delay 25ms 25ms,ALL,1,5,5,6,6,PASS,
136,MONOTONIC_WRITES,normal,netem delay 25ms 25ms,ALL,1,5,5,6,6,PASS,
137,MONOTONIC_WRITES,normal,netem delay 25ms 25ms,ALL,1,5,5,6,6,PASS,
138,MONOTONIC_WRITES,normal,netem delay 25ms 25ms,ALL,1,5,5,6,6,PASS,
139,MONOTONIC_WRITES,normal,netem delay 25ms 25ms,ALL,1,5,5,6,6,PASS,
140,MONOTONIC_WRITES,normal,netem delay 25ms 25ms,ALL,1,5,5,6,6,PASS,
141,MONOTONIC_WRITES,normal,netem delay 25ms 25ms,ALL,1,5,5,6,6,PASS,
142,MONOTONIC_WRITES,normal,netem delay 25ms 25ms,ALL,1,5,5,6,6,PASS,
143,MONOTONIC_WRITES,normal,netem delay 25ms 25ms,ALL,1,5,5,6,6,PASS,
144,MONOTONIC_WRITES,normal,netem delay 25ms 25ms,ALL,1,5,5,6,6,PASS,
145,MONOTONIC_WRITES,normal,netem delay 25ms 25ms,ALL,1,5,5,6,6,PASS,
146,MONOTONIC_WRITES,normal,netem delay 25ms 25ms,ALL,1,5,5,6,6,PASS,
147,MONOTONIC_WRITES,normal,netem delay 25ms 25ms,ALL,1,5,5,6,6,PASS,
148,MONOTONIC_WRITES,normal,netem delay 25ms 25ms,ALL,1,5,5,6,6,PASS,
149,MONOTONIC_WRITES,normal,netem delay 25ms 25ms,ALL,1,5,5,6,6,PASS,
150,MONOTONIC_WRITES,normal,netem delay 25ms 25ms,ALL,1,5,5,6,6,PASS,
151,MONOTONIC_WRITES,normal,netem delay 25ms 25ms,ALL,1,5,5,6,6,PASS,
152,MONOTONIC_WRITES,normal,netem delay 25ms 25ms,ALL,1,5,5,6,6,PASS,
153,MONOTONIC_WRITES,normal,netem delay 25ms 25ms,ALL,1,5,5,6,6,PASS,
154,MONOTONIC_WRITES,normal,netem delay 25ms 25ms,ALL,1,5,5,6,6,PASS,
155,MONOTONIC_WRITES,normal,netem delay 25ms 25ms,ALL,1,5,5,6,6,PASS,
156,MONOTONIC_WRITES,normal,netem delay 25ms 25ms,ALL,1,5,5,6,6,PASS,
157,MONOTONIC_WRITES,normal,netem delay 25ms 25ms,ALL,1,5,5,6,6,PASS,
158,MONOTONIC_WRITES,normal,netem delay 25ms 25ms,ALL,1,5,5,6,6,PASS,
159,MONOTONIC_WRITES,normal,netem delay 25ms 25ms,ALL,1,5,5,6,6,PASS,
160,MONOTONIC_WRITES,normal,netem delay 25ms 25ms,ALL,1,5,5,6,6,PASS,
161,MONOTONIC_WRITES,normal,netem delay 25ms 25ms,ALL,1,5,5,6,6,PASS,
162,MONOTONIC_WRITES,normal,netem delay 25ms 25ms,ALL,1,5,5,6,6,PASS,
163,MONOTONIC_WRITES,normal,netem delay 25ms 25ms,ALL,1,5,5,6,6,PASS,
164,MONOTONIC_WRITES,normal,netem delay 25ms 25ms,ALL,1,5,5,6,6,PASS,
165,MONOTONIC_WRITES,normal,netem delay 25ms 25ms,ALL,1,5,5,6,6,PASS,
166,MONOTONIC_WRITES,normal,netem delay 25ms 25ms,ALL,1,5,5,6,6,PASS,
167,MONOTONIC_WRITES,normal,netem delay 25ms 25ms,ALL,1,5,5,6,6,PASS,
168,MONOTONIC_WRITES,normal,netem delay 25ms 25ms,ALL,1,5,5,6,6,PASS,
169,MONOTONIC_WRITES,normal,netem delay 25ms 25ms,ALL,1,5,5,6,6,PASS,
170,MONOTONIC_WRITES,normal,netem delay 25ms 25ms,ALL,1,5,5,6,6,PASS,
171,MONOTONIC_WRITES,normal,netem delay 25ms 25ms,ALL,1,5,5,6,6,PASS,
172,MONOTONIC_WRITES,normal,netem delay 25ms 25ms,ALL,1,5,5,6,6,PASS,
173,MONOTONIC_WRITES,normal,netem delay 25ms 25ms,ALL,1,5,5,6,6,PASS,
174,MONOTONIC_WRITES,normal,netem delay 25ms 25ms,ALL,1,5,5,6,6,PASS,
175,MONOTONIC_WRITES,normal,netem delay 25ms 25ms,ALL,1,5,5,6,6,PASS,
176,MONOTONIC_WRITES,normal,netem delay 25ms 25ms,ALL,1,5,5,6,6,PASS,
177,MONOTONIC_WRITES,normal,netem delay 25ms 25ms,ALL,1,5,5,6,6,PASS,
178,MONOTONIC_WRITES,normal,netem delay 25ms 25ms,ALL,1,5,5,6,6,PASS,
179,MONOTONIC_WRITES,normal,netem delay 25ms 25ms,ALL,1,5,5,6,6,PASS,
180,MONOTONIC_WRITES,normal,netem delay 25ms 25ms,ALL,1,5,5,6,6,PASS,
181,MONOTONIC_WRITES,normal,netem delay 25ms 25ms,ALL,1,5,5,6,6,PASS,
182,MONOTONIC_WRITES,normal,netem delay 25ms 25ms,ALL,1,5,5,6,6,PASS,
183,MONOTONIC_WRITES,normal,netem delay 25ms 25ms,ALL,1,5,5,6,6,PASS,
184,MONOTONIC_WRITES,normal,netem delay 25ms 25ms,ALL,1,5,5,6,6,PASS,
185,MONOTONIC_WRITES,normal,netem delay 25ms 25ms,ALL,1,5,5,6,6,PASS,
186,MONOTONIC_WRITES,normal,netem delay 25ms 25ms,ALL,1,5,5,6,6,PASS,
187,MONOTONIC_WRITES,normal,netem delay 25ms 25ms,ALL,1,5,5,6,6,PASS,
188,MONOTONIC_WRITES,normal,netem delay 25ms 25ms,ALL,1,5,5,6,6,PASS,
189,MONOTONIC_WRITES,normal,netem delay 25ms 25ms,ALL,1,5,5,6,6,PASS,
190,MONOTONIC_WRITES,normal,netem delay 25ms 25ms,ALL,1,5,5,6,6,PASS,
191,MONOTONIC_WRITES,normal,netem delay 25ms 25ms,ALL,1,5,5,6,6,PASS,
192,MONOTONIC_WRITES,normal,netem delay 25ms 25ms,ALL,1,5,5,6,6,PASS,
193,MONOTONIC_WRITES,normal,netem delay 25ms 25ms,ALL,1,5,5,6,6,PASS,
194,MONOTONIC_WRITES,normal,netem delay 25ms 25ms,ALL,1,5,5,6,6,PASS,
195,MONOTONIC_WRITES,normal,netem delay 25ms 25ms,ALL,1,5,5,6,6,PASS,
196,MONOTONIC_WRITES,normal,netem delay 25ms 25ms,ALL,1,5,5,6,6,PASS,
197,MONOTONIC_WRITES,normal,netem delay 25ms 25ms,ALL,1,5,5,6,6,PASS,
198,MONOTONIC_WRITES,normal,netem delay 25ms 25ms,ALL,1,5,5,6,6,PASS,
199,MONOTONIC_WRITES,normal,netem delay 25ms 25ms,ALL,1,5,2,6,,ERROR,"WriteTimeout: Error from server: code=1100 [Coordinator node timed out waiting for replica nodes' responses] message=""Operation timed out - received only 1 responses."" info={'consistency': 'ALL', 'required_responses': 3, 'received_responses': 1, 'write_type': 'SIMPLE'}"
200,MONOTONIC_WRITES,normal,netem delay 25ms 25ms,ALL,1,5,0,6,,ERROR,"WriteTimeout: Error from server: code=1100 [Coordinator node timed out waiting for replica nodes' responses] message=""Operation timed out - received only 1 responses."" info={'consistency': 'ALL', 'required_responses': 3, 'received_responses': 1, 'write_type': 'SIMPLE'}"
