trial,key,property,scenario,path,write_component,read_component,write_cl,read_cl,setup_coordinator,write_coordinator,read_coordinator,same_write_read_coordinator,initial_version,written_version,observed_version,write_completed,read_completed,classification,failure_mechanism,reconciled_version,error
1,ryw_part_p1_1_1790429238067236400_3334,RYW,network_partition,P1,M,M,QUORUM,QUORUM,cassandra1,cassandra2,cassandra2,True,1,2,2,True,True,PASS,,2,
2,ryw_part_p1_2_1790429249317681700_4421,RYW,network_partition,P1,M,M,QUORUM,QUORUM,cassandra1,cassandra1,cassandra1,True,1,2,2,True,True,PASS,,2,
3,ryw_part_p1_3_1790429260358198900_1511,RYW,network_partition,P1,M,M,QUORUM,QUORUM,cassandra2,cassandra2,cassandra2,True,1,2,2,True,True,PASS,,2,
4,ryw_part_p1_4_1790429271449145800_2670,RYW,network_partition,P1,M,M,QUORUM,QUORUM,cassandra3,cassandra2,cassandra1,False,1,2,2,True,True,PASS,,2,
5,ryw_part_p1_5_1790429282635971700_7235,RYW,network_partition,P1,M,M,QUORUM,QUORUM,cassandra3,cassandra2,cassandra2,True,1,2,2,True,True,PASS,,2,
6,ryw_part_p1_6_1790429293945858100_1611,RYW,network_partition,P1,M,M,QUORUM,QUORUM,cassandra1,cassandra2,cassandra1,False,1,2,2,True,True,PASS,,2,
7,ryw_part_p1_7_1790429305245625600_8805,RYW,network_partition,P1,M,M,QUORUM,QUORUM,cassandra1,cassandra2,cassandra2,True,1,2,2,True,True,PASS,,2,
8,ryw_part_p1_8_1790429316610287800_4392,RYW,network_partition,P1,M,M,QUORUM,QUORUM,cassandra3,cassandra2,cassandra2,True,1,2,2,True,True,PASS,,2,
9,ryw_part_p1_9_1790429327987452600_6198,RYW,network_partition,P1,M,M,QUORUM,QUORUM,cassandra1,cassandra2,cassandra1,False,1,2,2,True,True,PASS,,2,
10,ryw_part_p1_10_1790429339394965900_5014,RYW,network_partition,P1,M,M,QUORUM,QUORUM,cassandra3,cassandra2,cassandra2,True,1,2,2,True,True,PASS,,2,
11,ryw_part_p1_11_1790429350887590400_8855,RYW,network_partition,P1,M,M,QUORUM,QUORUM,cassandra2,cassandra1,cassandra1,True,1,2,2,True,True,PASS,,2,
12,ryw_part_p1_12_1790429362710041100_4036,RYW,network_partition,P1,M,M,QUORUM,QUORUM,cassandra3,cassandra2,cassandra1,False,1,2,2,True,True,PASS,,2,
13,ryw_part_p1_13_1790429374385025800_1073,RYW,network_partition,P1,M,M,QUORUM,QUORUM,cassandra3,cassandra2,cassandra2,True,1,2,2,True,True,PASS,,2,
14,ryw_part_p1_14_1790429385549938700_5040,RYW,network_partition,P1,M,M,QUORUM,QUORUM,cassandra1,cassandra2,cassandra2,True,1,2,2,True,True,PASS,,2,
15,ryw_part_p1_15_1790429396922202500_6084,RYW,network_partition,P1,M,M,QUORUM,QUORUM,cassandra3,cassandra1,cassandra2,False,1,2,2,True,True,PASS,,2,
16,ryw_part_p1_16_1790429408359600600_5754,RYW,network_partition,P1,M,M,QUORUM,QUORUM,cassandra3,cassandra2,cassandra1,False,1,2,2,True,True,PASS,,2,
17,ryw_part_p1_17_1790429419556948400_7264,RYW,network_partition,P1,M,M,QUORUM,QUORUM,cassandra2,cassandra2,cassandra2,True,1,2,2,True,True,PASS,,2,
18,ryw_part_p1_18_1790429430984585600_3331,RYW,network_partition,P1,M,M,QUORUM,QUORUM,cassandra3,cassandra1,cassandra2,False,1,2,2,True,True,PASS,,2,
19,ryw_part_p1_19_1790429442528591800_2274,RYW,network_partition,P1,M,M,QUORUM,QUORUM,cassandra2,cassandra1,cassandra1,True,1,2,2,True,True,PASS,,2,
20,ryw_part_p1_20_1790429453864456600_7090,RYW,network_partition,P1,M,M,QUORUM,QUORUM,cassandra2,cassandra1,cassandra1,True,1,2,2,True,True,PASS,,2,
1,ryw_part_p2_1_1790429465230391900_2127,RYW,network_partition,P2,M,I,QUORUM,ONE,cassandra2,cassandra2,cassandra3,False,1,2,,True,False,OPERATION_FAILURE,READ_TIMEOUT,2,"READ_TIMEOUT: ReadTimeout: Error from server: code=1200 [Coordinator node timed out waiting for replica nodes' responses] message=""Operation timed out - received only 0 responses."" info={'consistency': 'ONE', 'required_responses': 1, 'received_responses': 0}"
2,ryw_part_p2_2_1790429481864018500_1507,RYW,network_partition,P2,M,I,QUORUM,ONE,cassandra2,cassandra2,cassandra3,False,1,2,1,True,True,RYW_VIOLATION,,2,
3,ryw_part_p2_3_1790429493371905900_6907,RYW,network_partition,P2,M,I,QUORUM,ONE,cassandra3,cassandra1,cassandra3,False,1,2,1,True,True,RYW_VIOLATION,,2,
4,ryw_part_p2_4_1790429504628217800_9970,RYW,network_partition,P2,M,I,QUORUM,ONE,cassandra2,cassandra2,cassandra3,False,1,2,1,True,True,RYW_VIOLATION,,2,
5,ryw_part_p2_5_1790429515778405100_9719,RYW,network_partition,P2,M,I,QUORUM,ONE,cassandra3,cassandra2,cassandra3,False,1,2,,True,False,OPERATION_FAILURE,READ_TIMEOUT,2,"READ_TIMEOUT: ReadTimeout: Error from server: code=1200 [Coordinator node timed out waiting for replica nodes' responses] message=""Operation timed out - received only 0 responses."" info={'consistency': 'ONE', 'required_responses': 1, 'received_responses': 0}"
6,ryw_part_p2_6_1790429531840039000_1266,RYW,network_partition,P2,M,I,QUORUM,ONE,cassandra3,cassandra2,cassandra3,False,1,2,1,True,True,RYW_VIOLATION,,2,
7,ryw_part_p2_7_1790429542817397200_2786,RYW,network_partition,P2,M,I,QUORUM,ONE,cassandra2,cassandra1,cassandra3,False,1,2,1,True,True,RYW_VIOLATION,,2,
8,ryw_part_p2_8_1790429553888250300_9080,RYW,network_partition,P2,M,I,QUORUM,ONE,cassandra1,cassandra2,cassandra3,False,1,2,1,True,True,RYW_VIOLATION,,2,
9,ryw_part_p2_9_1790429565000034400_4745,RYW,network_partition,P2,M,I,QUORUM,ONE,cassandra3,cassandra2,cassandra3,False,1,2,1,True,True,RYW_VIOLATION,,2,
10,ryw_part_p2_10_1790429576071685000_6939,RYW,network_partition,P2,M,I,QUORUM,ONE,cassandra3,cassandra1,cassandra3,False,1,2,1,True,True,RYW_VIOLATION,,2,
11,ryw_part_p2_11_1790429587140448800_5701,RYW,network_partition,P2,M,I,QUORUM,ONE,cassandra1,cassandra2,cassandra3,False,1,2,1,True,True,RYW_VIOLATION,,2,
12,ryw_part_p2_12_1790429598216857500_4670,RYW,network_partition,P2,M,I,QUORUM,ONE,cassandra1,cassandra1,cassandra3,False,1,2,1,True,True,RYW_VIOLATION,,2,
13,ryw_part_p2_13_1790429609257560500_2678,RYW,network_partition,P2,M,I,QUORUM,ONE,cassandra1,cassandra1,cassandra3,False,1,2,1,True,True,RYW_VIOLATION,,2,
14,ryw_part_p2_14_1790429620205955300_9471,RYW,network_partition,P2,M,I,QUORUM,ONE,cassandra1,cassandra2,cassandra3,False,1,2,,True,False,OPERATION_FAILURE,READ_TIMEOUT,2,"READ_TIMEOUT: ReadTimeout: Error from server: code=1200 [Coordinator node timed out waiting for replica nodes' responses] message=""Operation timed out - received only 0 responses."" info={'consistency': 'ONE', 'required_responses': 1, 'received_responses': 0}"
15,ryw_part_p2_15_1790429636366489300_2846,RYW,network_partition,P2,M,I,QUORUM,ONE,cassandra2,cassandra2,cassandra3,False,1,2,,True,False,OPERATION_FAILURE,READ_TIMEOUT,2,"READ_TIMEOUT: ReadTimeout: Error from server: code=1200 [Coordinator node timed out waiting for replica nodes' responses] message=""Operation timed out - received only 0 responses."" info={'consistency': 'ONE', 'required_responses': 1, 'received_responses': 0}"
16,ryw_part_p2_16_1790429652687336800_2686,RYW,network_partition,P2,M,I,QUORUM,ONE,cassandra2,cassandra1,cassandra3,False,1,2,1,True,True,RYW_VIOLATION,,2,
17,ryw_part_p2_17_1790429663877624600_8525,RYW,network_partition,P2,M,I,QUORUM,ONE,cassandra1,cassandra1,cassandra3,False,1,2,1,True,True,RYW_VIOLATION,,2,
18,ryw_part_p2_18_1790429674957756700_3126,RYW,network_partition,P2,M,I,QUORUM,ONE,cassandra3,cassandra1,cassandra3,False,1,2,1,True,True,RYW_VIOLATION,,2,
19,ryw_part_p2_19_1790429686012424200_4363,RYW,network_partition,P2,M,I,QUORUM,ONE,cassandra3,cassandra2,cassandra3,False,1,2,,True,False,OPERATION_FAILURE,READ_TIMEOUT,2,"READ_TIMEOUT: ReadTimeout: Error from server: code=1200 [Coordinator node timed out waiting for replica nodes' responses] message=""Operation timed out - received only 0 responses."" info={'consistency': 'ONE', 'required_responses': 1, 'received_responses': 0}"
20,ryw_part_p2_20_1790429702313683600_5795,RYW,network_partition,P2,M,I,QUORUM,ONE,cassandra1,cassandra2,cassandra3,False,1,2,1,True,True,RYW_VIOLATION,,2,
1,ryw_part_p3_1_1790429713708159100_5890,RYW,network_partition,P3,M,I,ONE,ONE,cassandra3,cassandra1,cassandra3,False,1,2,,True,False,OPERATION_FAILURE,READ_TIMEOUT,2,"READ_TIMEOUT: ReadTimeout: Error from server: code=1200 [Coordinator node timed out waiting for replica nodes' responses] message=""Operation timed out - received only 0 responses."" info={'consistency': 'ONE', 'required_responses': 1, 'received_responses': 0}"
2,ryw_part_p3_2_1790429730001114000_3704,RYW,network_partition,P3,M,I,ONE,ONE,cassandra3,cassandra1,cassandra3,False,1,2,1,True,True,RYW_VIOLATION,,2,
3,ryw_part_p3_3_1790429741056395700_7209,RYW,network_partition,P3,M,I,ONE,ONE,cassandra3,cassandra2,cassandra3,False,1,2,1,True,True,RYW_VIOLATION,,2,
4,ryw_part_p3_4_1790429752109199700_9366,RYW,network_partition,P3,M,I,ONE,ONE,cassandra3,cassandra1,cassandra3,False,1,2,,True,False,OPERATION_FAILURE,READ_TIMEOUT,2,"READ_TIMEOUT: ReadTimeout: Error from server: code=1200 [Coordinator node timed out waiting for replica nodes' responses] message=""Operation timed out - received only 0 responses."" info={'consistency': 'ONE', 'required_responses': 1, 'received_responses': 0}"
5,ryw_part_p3_5_1790429768234396700_2311,RYW,network_partition,P3,M,I,ONE,ONE,cassandra2,cassandra1,cassandra3,False,1,2,1,True,True,RYW_VIOLATION,,2,
6,ryw_part_p3_6_1790429779336857300_6805,RYW,network_partition,P3,M,I,ONE,ONE,cassandra1,cassandra2,cassandra3,False,1,2,1,True,True,RYW_VIOLATION,,2,
7,ryw_part_p3_7_1790429790387112100_9743,RYW,network_partition,P3,M,I,ONE,ONE,cassandra3,cassandra1,cassandra3,False,1,2,1,True,True,RYW_VIOLATION,,2,
8,ryw_part_p3_8_1790429801502324800_7639,RYW,network_partition,P3,M,I,ONE,ONE,cassandra2,cassandra1,cassandra3,False,1,2,1,True,True,RYW_VIOLATION,,2,
9,ryw_part_p3_9_1790429812653248300_4630,RYW,network_partition,P3,M,I,ONE,ONE,cassandra2,cassandra1,cassandra3,False,1,2,1,True,True,RYW_VIOLATION,,2,
10,ryw_part_p3_10_1790429823840871300_1843,RYW,network_partition,P3,M,I,ONE,ONE,cassandra1,cassandra2,cassandra3,False,1,2,1,True,True,RYW_VIOLATION,,2,
11,ryw_part_p3_11_1790429834977813600_3539,RYW,network_partition,P3,M,I,ONE,ONE,cassandra1,cassandra1,cassandra3,False,1,2,,True,False,OPERATION_FAILURE,READ_TIMEOUT,2,"READ_TIMEOUT: ReadTimeout: Error from server: code=1200 [Coordinator node timed out waiting for replica nodes' responses] message=""Operation timed out - received only 0 responses."" info={'consistency': 'ONE', 'required_responses': 1, 'received_responses': 0}"
12,ryw_part_p3_12_1790429851061900000_9176,RYW,network_partition,P3,M,I,ONE,ONE,cassandra2,cassandra2,cassandra3,False,1,2,1,True,True,RYW_VIOLATION,,2,
13,ryw_part_p3_13_1790429862051016200_7734,RYW,network_partition,P3,M,I,ONE,ONE,cassandra3,cassandra2,cassandra3,False,1,2,1,True,True,RYW_VIOLATION,,2,
14,ryw_part_p3_14_1790429873084048300_1646,RYW,network_partition,P3,M,I,ONE,ONE,cassandra3,cassandra1,cassandra3,False,1,2,1,True,True,RYW_VIOLATION,,2,
15,ryw_part_p3_15_1790429884123105600_6501,RYW,network_partition,P3,M,I,ONE,ONE,cassandra3,cassandra2,cassandra3,False,1,2,1,True,True,RYW_VIOLATION,,2,
16,ryw_part_p3_16_1790429895239799800_6067,RYW,network_partition,P3,M,I,ONE,ONE,cassandra2,cassandra2,cassandra3,False,1,2,1,True,True,RYW_VIOLATION,,2,
17,ryw_part_p3_17_1790429906459805300_9489,RYW,network_partition,P3,M,I,ONE,ONE,cassandra3,cassandra1,cassandra3,False,1,2,1,True,True,RYW_VIOLATION,,2,
18,ryw_part_p3_18_1790429917495474000_7596,RYW,network_partition,P3,M,I,ONE,ONE,cassandra3,cassandra1,cassandra3,False,1,2,,True,False,OPERATION_FAILURE,READ_TIMEOUT,2,"READ_TIMEOUT: ReadTimeout: Error from server: code=1200 [Coordinator node timed out waiting for replica nodes' responses] message=""Operation timed out - received only 0 responses."" info={'consistency': 'ONE', 'required_responses': 1, 'received_responses': 0}"
19,ryw_part_p3_19_1790429933601296300_8963,RYW,network_partition,P3,M,I,ONE,ONE,cassandra1,cassandra1,cassandra3,False,1,2,1,True,True,RYW_VIOLATION,,2,
20,ryw_part_p3_20_1790429944618933400_6344,RYW,network_partition,P3,M,I,ONE,ONE,cassandra2,cassandra2,cassandra3,False,1,2,1,True,True,RYW_VIOLATION,,2,
1,ryw_part_p4_1_1790429955744793000_7408,RYW,network_partition,P4,I,I,ONE,ONE,cassandra3,cassandra3,cassandra3,True,1,2,2,True,True,PASS,,2,
2,ryw_part_p4_2_1790429967252590700_6420,RYW,network_partition,P4,I,I,ONE,ONE,cassandra1,cassandra3,cassandra3,True,1,2,2,True,True,PASS,,2,
3,ryw_part_p4_3_1790429978437486200_1120,RYW,network_partition,P4,I,I,ONE,ONE,cassandra1,cassandra3,cassandra3,True,1,2,,True,False,OPERATION_FAILURE,READ_TIMEOUT,1,"READ_TIMEOUT: ReadTimeout: Error from server: code=1200 [Coordinator node timed out waiting for replica nodes' responses] message=""Operation timed out - received only 0 responses."" info={'consistency': 'ONE', 'required_responses': 1, 'received_responses': 0}"
4,ryw_part_p4_4_1790429994809018000_8841,RYW,network_partition,P4,I,I,ONE,ONE,cassandra1,cassandra3,cassandra3,True,1,2,2,True,True,PASS,,2,
5,ryw_part_p4_5_1790430005992375700_9797,RYW,network_partition,P4,I,I,ONE,ONE,cassandra1,cassandra3,cassandra3,True,1,2,2,True,True,PASS,,2,
6,ryw_part_p4_6_1790430017168527300_3450,RYW,network_partition,P4,I,I,ONE,ONE,cassandra1,cassandra3,cassandra3,True,1,2,2,True,True,PASS,,2,
7,ryw_part_p4_7_1790430029059616900_6079,RYW,network_partition,P4,I,I,ONE,ONE,cassandra3,cassandra3,cassandra3,True,1,2,2,True,True,PASS,,2,
8,ryw_part_p4_8_1790430040271255600_8531,RYW,network_partition,P4,I,I,ONE,ONE,cassandra2,cassandra3,cassandra3,True,1,2,2,True,True,PASS,,2,
9,ryw_part_p4_9_1790430051453854800_8353,RYW,network_partition,P4,I,I,ONE,ONE,cassandra2,cassandra3,cassandra3,True,1,2,2,True,True,PASS,,2,
10,ryw_part_p4_10_1790430062722972000_1785,RYW,network_partition,P4,I,I,ONE,ONE,cassandra1,cassandra3,cassandra3,True,1,2,2,True,True,PASS,,2,
11,ryw_part_p4_11_1790430074012669500_3608,RYW,network_partition,P4,I,I,ONE,ONE,cassandra1,cassandra3,cassandra3,True,1,2,2,True,True,PASS,,2,
12,ryw_part_p4_12_1790430085332763500_5647,RYW,network_partition,P4,I,I,ONE,ONE,cassandra2,cassandra3,cassandra3,True,1,2,2,True,True,PASS,,2,
13,ryw_part_p4_13_1790430096659696500_5151,RYW,network_partition,P4,I,I,ONE,ONE,cassandra3,cassandra3,cassandra3,True,1,2,2,True,True,PASS,,2,
14,ryw_part_p4_14_1790430107861524500_3417,RYW,network_partition,P4,I,I,ONE,ONE,cassandra1,cassandra3,cassandra3,True,1,2,2,True,True,PASS,,2,
15,ryw_part_p4_15_1790430119003321800_3118,RYW,network_partition,P4,I,I,ONE,ONE,cassandra1,cassandra3,cassandra3,True,1,2,2,True,True,PASS,,2,
16,ryw_part_p4_16_1790430130011216800_4395,RYW,network_partition,P4,I,I,ONE,ONE,cassandra2,cassandra3,cassandra3,True,1,2,2,True,True,PASS,,2,
17,ryw_part_p4_17_1790430141185166200_8484,RYW,network_partition,P4,I,I,ONE,ONE,cassandra2,cassandra3,cassandra3,True,1,2,2,True,True,PASS,,2,
18,ryw_part_p4_18_1790430152254570800_6317,RYW,network_partition,P4,I,I,ONE,ONE,cassandra2,cassandra3,cassandra3,True,1,2,2,True,True,PASS,,2,
19,ryw_part_p4_19_1790430163336134400_2098,RYW,network_partition,P4,I,I,ONE,ONE,cassandra1,cassandra3,cassandra3,True,1,2,2,True,True,PASS,,2,
20,ryw_part_p4_20_1790430174474448300_9508,RYW,network_partition,P4,I,I,ONE,ONE,cassandra3,cassandra3,cassandra3,True,1,2,2,True,True,PASS,,2,
1,ryw_part_p5_1_1790430185440192100_7661,RYW,network_partition,P5,I,M,ONE,ONE,cassandra1,cassandra3,cassandra1,False,1,2,1,True,True,RYW_VIOLATION,,2,
2,ryw_part_p5_2_1790430196487227500_3031,RYW,network_partition,P5,I,M,ONE,ONE,cassandra3,cassandra3,cassandra2,False,1,2,1,True,True,RYW_VIOLATION,,2,
3,ryw_part_p5_3_1790430207571807300_2704,RYW,network_partition,P5,I,M,ONE,ONE,cassandra1,cassandra3,cassandra1,False,1,2,1,True,True,RYW_VIOLATION,,2,
4,ryw_part_p5_4_1790430218627762500_5342,RYW,network_partition,P5,I,M,ONE,ONE,cassandra1,cassandra3,cassandra1,False,1,2,1,True,True,RYW_VIOLATION,,2,
5,ryw_part_p5_5_1790430229731005200_3353,RYW,network_partition,P5,I,M,ONE,ONE,cassandra1,cassandra3,cassandra1,False,1,2,1,True,True,RYW_VIOLATION,,2,
6,ryw_part_p5_6_1790430241107294000_1620,RYW,network_partition,P5,I,M,ONE,ONE,cassandra3,cassandra3,cassandra2,False,1,2,1,True,True,RYW_VIOLATION,,2,
7,ryw_part_p5_7_1790430252668224900_6961,RYW,network_partition,P5,I,M,ONE,ONE,cassandra3,cassandra3,cassandra1,False,1,2,1,True,True,RYW_VIOLATION,,2,
8,ryw_part_p5_8_1790430264093384500_2026,RYW,network_partition,P5,I,M,ONE,ONE,cassandra2,cassandra3,cassandra1,False,1,2,1,True,True,RYW_VIOLATION,,2,
9,ryw_part_p5_9_1790430275659149300_1642,RYW,network_partition,P5,I,M,ONE,ONE,cassandra1,cassandra3,cassandra1,False,1,2,1,True,True,RYW_VIOLATION,,2,
10,ryw_part_p5_10_1790430286960048500_5931,RYW,network_partition,P5,I,M,ONE,ONE,cassandra3,cassandra3,cassandra2,False,1,2,1,True,True,RYW_VIOLATION,,2,
11,ryw_part_p5_11_1790430298438171400_7200,RYW,network_partition,P5,I,M,ONE,ONE,cassandra2,cassandra3,cassandra1,False,1,2,1,True,True,RYW_VIOLATION,,2,
12,ryw_part_p5_12_1790430309671081900_5890,RYW,network_partition,P5,I,M,ONE,ONE,cassandra1,cassandra3,cassandra1,False,1,2,1,True,True,RYW_VIOLATION,,2,
13,ryw_part_p5_13_1790430320909513000_8405,RYW,network_partition,P5,I,M,ONE,ONE,cassandra3,cassandra3,cassandra2,False,1,2,1,True,True,RYW_VIOLATION,,2,
14,ryw_part_p5_14_1790430332154862900_3356,RYW,network_partition,P5,I,M,ONE,ONE,cassandra3,cassandra3,cassandra2,False,1,2,1,True,True,RYW_VIOLATION,,2,
15,ryw_part_p5_15_1790430343275914000_1473,RYW,network_partition,P5,I,M,ONE,ONE,cassandra3,cassandra3,cassandra2,False,1,2,1,True,True,RYW_VIOLATION,,2,
16,ryw_part_p5_16_1790430354651359500_2392,RYW,network_partition,P5,I,M,ONE,ONE,cassandra3,cassandra3,cassandra1,False,1,2,1,True,True,RYW_VIOLATION,,2,
17,ryw_part_p5_17_1790430365896217200_5149,RYW,network_partition,P5,I,M,ONE,ONE,cassandra3,cassandra3,cassandra2,False,1,2,1,True,True,RYW_VIOLATION,,2,
18,ryw_part_p5_18_1790430376980669300_3243,RYW,network_partition,P5,I,M,ONE,ONE,cassandra3,cassandra3,cassandra1,False,1,2,1,True,True,RYW_VIOLATION,,2,
19,ryw_part_p5_19_1790430388279426900_8704,RYW,network_partition,P5,I,M,ONE,ONE,cassandra1,cassandra3,cassandra1,False,1,2,1,True,True,RYW_VIOLATION,,2,
20,ryw_part_p5_20_1790430399375223600_1329,RYW,network_partition,P5,I,M,ONE,ONE,cassandra1,cassandra3,cassandra2,False,1,2,1,True,True,RYW_VIOLATION,,2,
1,ryw_part_p6_1_1790430410559520800_5474,RYW,network_partition,P6,M,M,ONE,ONE,cassandra3,cassandra1,cassandra2,False,1,2,2,True,True,PASS,,2,
2,ryw_part_p6_2_1790430421697611900_7618,RYW,network_partition,P6,M,M,ONE,ONE,cassandra3,cassandra2,cassandra2,True,1,2,2,True,True,PASS,,2,
3,ryw_part_p6_3_1790430433065634000_1386,RYW,network_partition,P6,M,M,ONE,ONE,cassandra3,cassandra1,cassandra2,False,1,2,2,True,True,PASS,,2,
4,ryw_part_p6_4_1790430444412943500_6254,RYW,network_partition,P6,M,M,ONE,ONE,cassandra2,cassandra2,cassandra1,False,1,2,2,True,True,PASS,,2,
5,ryw_part_p6_5_1790430455763525200_3906,RYW,network_partition,P6,M,M,ONE,ONE,cassandra2,cassandra2,cassandra2,True,1,2,2,True,True,PASS,,2,
6,ryw_part_p6_6_1790430467226585000_2139,RYW,network_partition,P6,M,M,ONE,ONE,cassandra1,cassandra1,cassandra1,True,1,2,2,True,True,PASS,,2,
7,ryw_part_p6_7_1790430478282172000_1779,RYW,network_partition,P6,M,M,ONE,ONE,cassandra2,cassandra1,cassandra1,True,1,2,2,True,True,PASS,,2,
8,ryw_part_p6_8_1790430489362811400_3894,RYW,network_partition,P6,M,M,ONE,ONE,cassandra2,cassandra1,cassandra1,True,1,2,2,True,True,PASS,,2,
9,ryw_part_p6_9_1790430500424943000_3977,RYW,network_partition,P6,M,M,ONE,ONE,cassandra2,cassandra1,cassandra1,True,1,2,2,True,True,PASS,,2,
10,ryw_part_p6_10_1790430511377998400_7847,RYW,network_partition,P6,M,M,ONE,ONE,cassandra1,cassandra1,cassandra2,False,1,2,2,True,True,PASS,,2,
11,ryw_part_p6_11_1790430522364989500_8988,RYW,network_partition,P6,M,M,ONE,ONE,cassandra2,cassandra2,cassandra2,True,1,2,2,True,True,PASS,,2,
12,ryw_part_p6_12_1790430533412414800_8325,RYW,network_partition,P6,M,M,ONE,ONE,cassandra2,cassandra2,cassandra2,True,1,2,2,True,True,PASS,,2,
13,ryw_part_p6_13_1790430544453576300_7008,RYW,network_partition,P6,M,M,ONE,ONE,cassandra1,cassandra2,cassandra2,True,1,2,2,True,True,PASS,,2,
14,ryw_part_p6_14_1790430555468337300_4312,RYW,network_partition,P6,M,M,ONE,ONE,cassandra1,cassandra2,cassandra1,False,1,2,2,True,True,PASS,,2,
15,ryw_part_p6_15_1790430566514077400_8245,RYW,network_partition,P6,M,M,ONE,ONE,cassandra1,cassandra1,cassandra1,True,1,2,2,True,True,PASS,,2,
16,ryw_part_p6_16_1790430577438468000_8897,RYW,network_partition,P6,M,M,ONE,ONE,cassandra3,cassandra2,cassandra1,False,1,2,2,True,True,PASS,,2,
17,ryw_part_p6_17_1790430588535019700_4903,RYW,network_partition,P6,M,M,ONE,ONE,cassandra1,cassandra2,cassandra2,True,1,2,2,True,True,PASS,,2,
18,ryw_part_p6_18_1790430599563712400_5064,RYW,network_partition,P6,M,M,ONE,ONE,cassandra3,cassandra1,cassandra2,False,1,2,2,True,True,PASS,,2,
19,ryw_part_p6_19_1790430610777826000_4535,RYW,network_partition,P6,M,M,ONE,ONE,cassandra2,cassandra2,cassandra2,True,1,2,2,True,True,PASS,,2,
20,ryw_part_p6_20_1790430622043977000_9866,RYW,network_partition,P6,M,M,ONE,ONE,cassandra2,cassandra1,cassandra1,True,1,2,2,True,True,PASS,,2,
1,ryw_part_p7_1_1790430633465953100_9056,RYW,network_partition,P7,M,M,QUORUM,ONE,cassandra2,cassandra2,cassandra1,False,1,2,2,True,True,PASS,,2,
2,ryw_part_p7_2_1790430644769871900_1976,RYW,network_partition,P7,M,M,QUORUM,ONE,cassandra3,cassandra2,cassandra2,True,1,2,2,True,True,PASS,,2,
3,ryw_part_p7_3_1790430656082661400_4714,RYW,network_partition,P7,M,M,QUORUM,ONE,cassandra2,cassandra1,cassandra2,False,1,2,2,True,True,PASS,,2,
4,ryw_part_p7_4_1790430667344107600_2999,RYW,network_partition,P7,M,M,QUORUM,ONE,cassandra3,cassandra1,cassandra2,False,1,2,2,True,True,PASS,,2,
5,ryw_part_p7_5_1790430678697635100_7406,RYW,network_partition,P7,M,M,QUORUM,ONE,cassandra2,cassandra2,cassandra2,True,1,2,2,True,True,PASS,,2,
6,ryw_part_p7_6_1790430690218123400_3061,RYW,network_partition,P7,M,M,QUORUM,ONE,cassandra1,cassandra2,cassandra2,True,1,2,2,True,True,PASS,,2,
7,ryw_part_p7_7_1790430701595231300_7739,RYW,network_partition,P7,M,M,QUORUM,ONE,cassandra1,cassandra1,cassandra2,False,1,2,2,True,True,PASS,,2,
8,ryw_part_p7_8_1790430712855551500_1998,RYW,network_partition,P7,M,M,QUORUM,ONE,cassandra2,cassandra1,cassandra1,True,1,2,2,True,True,PASS,,2,
9,ryw_part_p7_9_1790430724108723200_8262,RYW,network_partition,P7,M,M,QUORUM,ONE,cassandra2,cassandra1,cassandra2,False,1,2,2,True,True,PASS,,2,
10,ryw_part_p7_10_1790430735448656600_2914,RYW,network_partition,P7,M,M,QUORUM,ONE,cassandra3,cassandra2,cassandra1,False,1,2,2,True,True,PASS,,2,
11,ryw_part_p7_11_1790430746578804800_3930,RYW,network_partition,P7,M,M,QUORUM,ONE,cassandra3,cassandra1,cassandra2,False,1,2,2,True,True,PASS,,2,
12,ryw_part_p7_12_1790430757734197300_5757,RYW,network_partition,P7,M,M,QUORUM,ONE,cassandra3,cassandra1,cassandra2,False,1,2,2,True,True,PASS,,2,
13,ryw_part_p7_13_1790430769160212200_1440,RYW,network_partition,P7,M,M,QUORUM,ONE,cassandra2,cassandra2,cassandra1,False,1,2,2,True,True,PASS,,2,
14,ryw_part_p7_14_1790430780330744100_7282,RYW,network_partition,P7,M,M,QUORUM,ONE,cassandra3,cassandra1,cassandra1,True,1,2,2,True,True,PASS,,2,
15,ryw_part_p7_15_1790430791713597600_6094,RYW,network_partition,P7,M,M,QUORUM,ONE,cassandra1,cassandra2,cassandra2,True,1,2,2,True,True,PASS,,2,
16,ryw_part_p7_16_1790430802877386400_3867,RYW,network_partition,P7,M,M,QUORUM,ONE,cassandra1,cassandra1,cassandra2,False,1,2,2,True,True,PASS,,2,
17,ryw_part_p7_17_1790430814112062600_5790,RYW,network_partition,P7,M,M,QUORUM,ONE,cassandra3,cassandra2,cassandra1,False,1,2,2,True,True,PASS,,2,
18,ryw_part_p7_18_1790430825197343500_3457,RYW,network_partition,P7,M,M,QUORUM,ONE,cassandra1,cassandra2,cassandra1,False,1,2,2,True,True,PASS,,2,
19,ryw_part_p7_19_1790430836337901000_1544,RYW,network_partition,P7,M,M,QUORUM,ONE,cassandra1,cassandra1,cassandra2,False,1,2,2,True,True,PASS,,2,
20,ryw_part_p7_20_1790430847416159200_2299,RYW,network_partition,P7,M,M,QUORUM,ONE,cassandra3,cassandra1,cassandra1,True,1,2,2,True,True,PASS,,2,
1,ryw_part_p8_1_1790430858685348300_1026,RYW,network_partition,P8,M,M,ALL,ONE,cassandra3,cassandra1,cassandra1,True,1,2,,False,False,OPERATION_FAILURE,WRITE_TIMEOUT,2,"WRITE_TIMEOUT: WriteTimeout: Error from server: code=1100 [Coordinator node timed out waiting for replica nodes' responses] message=""Operation timed out - received only 2 responses."" info={'consistency': 'ALL', 'required_responses': 3, 'received_responses': 2, 'write_type': 'SIMPLE'}"
2,ryw_part_p8_2_1790430871768734200_2015,RYW,network_partition,P8,M,M,ALL,ONE,cassandra1,cassandra1,cassandra1,True,1,2,,False,False,OPERATION_FAILURE,WRITE_TIMEOUT,2,"WRITE_TIMEOUT: WriteTimeout: Error from server: code=1100 [Coordinator node timed out waiting for replica nodes' responses] message=""Operation timed out - received only 2 responses."" info={'consistency': 'ALL', 'required_responses': 3, 'received_responses': 2, 'write_type': 'SIMPLE'}"
3,ryw_part_p8_3_1790430884947000400_6673,RYW,network_partition,P8,M,M,ALL,ONE,cassandra2,cassandra2,cassandra1,False,1,2,,False,False,OPERATION_FAILURE,WRITE_TIMEOUT,2,"WRITE_TIMEOUT: WriteTimeout: Error from server: code=1100 [Coordinator node timed out waiting for replica nodes' responses] message=""Operation timed out - received only 2 responses."" info={'consistency': 'ALL', 'required_responses': 3, 'received_responses': 2, 'write_type': 'SIMPLE'}"
4,ryw_part_p8_4_1790430898067577400_5527,RYW,network_partition,P8,M,M,ALL,ONE,cassandra2,cassandra2,cassandra1,False,1,2,,False,False,OPERATION_FAILURE,WRITE_TIMEOUT,2,"WRITE_TIMEOUT: WriteTimeout: Error from server: code=1100 [Coordinator node timed out waiting for replica nodes' responses] message=""Operation timed out - received only 2 responses."" info={'consistency': 'ALL', 'required_responses': 3, 'received_responses': 2, 'write_type': 'SIMPLE'}"
5,ryw_part_p8_5_1790430911244935400_4344,RYW,network_partition,P8,M,M,ALL,ONE,cassandra1,cassandra1,cassandra1,True,1,2,,False,False,OPERATION_FAILURE,WRITE_TIMEOUT,2,"WRITE_TIMEOUT: WriteTimeout: Error from server: code=1100 [Coordinator node timed out waiting for replica nodes' responses] message=""Operation timed out - received only 2 responses."" info={'consistency': 'ALL', 'required_responses': 3, 'received_responses': 2, 'write_type': 'SIMPLE'}"
6,ryw_part_p8_6_1790430924475837400_1546,RYW,network_partition,P8,M,M,ALL,ONE,cassandra1,cassandra1,cassandra1,True,1,2,,False,False,OPERATION_FAILURE,WRITE_TIMEOUT,2,"WRITE_TIMEOUT: WriteTimeout: Error from server: code=1100 [Coordinator node timed out waiting for replica nodes' responses] message=""Operation timed out - received only 2 responses."" info={'consistency': 'ALL', 'required_responses': 3, 'received_responses': 2, 'write_type': 'SIMPLE'}"
7,ryw_part_p8_7_1790430937693993400_9811,RYW,network_partition,P8,M,M,ALL,ONE,cassandra2,cassandra2,cassandra1,False,1,2,,False,False,OPERATION_FAILURE,WRITE_TIMEOUT,2,"WRITE_TIMEOUT: WriteTimeout: Error from server: code=1100 [Coordinator node timed out waiting for replica nodes' responses] message=""Operation timed out - received only 2 responses."" info={'consistency': 'ALL', 'required_responses': 3, 'received_responses': 2, 'write_type': 'SIMPLE'}"
8,ryw_part_p8_8_1790430950675266000_5859,RYW,network_partition,P8,M,M,ALL,ONE,cassandra3,cassandra1,cassandra1,True,1,2,,False,False,OPERATION_FAILURE,WRITE_TIMEOUT,2,"WRITE_TIMEOUT: WriteTimeout: Error from server: code=1100 [Coordinator node timed out waiting for replica nodes' responses] message=""Operation timed out - received only 2 responses."" info={'consistency': 'ALL', 'required_responses': 3, 'received_responses': 2, 'write_type': 'SIMPLE'}"
9,ryw_part_p8_9_1790430963714200000_4929,RYW,network_partition,P8,M,M,ALL,ONE,cassandra1,cassandra2,cassandra1,False,1,2,,False,False,OPERATION_FAILURE,WRITE_TIMEOUT,2,"WRITE_TIMEOUT: WriteTimeout: Error from server: code=1100 [Coordinator node timed out waiting for replica nodes' responses] message=""Operation timed out - received only 2 responses."" info={'consistency': 'ALL', 'required_responses': 3, 'received_responses': 2, 'write_type': 'SIMPLE'}"
10,ryw_part_p8_10_1790430977005999000_9403,RYW,network_partition,P8,M,M,ALL,ONE,cassandra3,cassandra1,cassandra2,False,1,2,,False,False,OPERATION_FAILURE,WRITE_TIMEOUT,2,"WRITE_TIMEOUT: WriteTimeout: Error from server: code=1100 [Coordinator node timed out waiting for replica nodes' responses] message=""Operation timed out - received only 2 responses."" info={'consistency': 'ALL', 'required_responses': 3, 'received_responses': 2, 'write_type': 'SIMPLE'}"
11,ryw_part_p8_11_1790430990072079300_8672,RYW,network_partition,P8,M,M,ALL,ONE,cassandra3,cassandra1,cassandra2,False,1,2,,False,False,OPERATION_FAILURE,WRITE_TIMEOUT,2,"WRITE_TIMEOUT: WriteTimeout: Error from server: code=1100 [Coordinator node timed out waiting for replica nodes' responses] message=""Operation timed out - received only 2 responses."" info={'consistency': 'ALL', 'required_responses': 3, 'received_responses': 2, 'write_type': 'SIMPLE'}"
12,ryw_part_p8_12_1790431003089551000_4085,RYW,network_partition,P8,M,M,ALL,ONE,cassandra1,cassandra2,cassandra1,False,1,2,,False,False,OPERATION_FAILURE,WRITE_TIMEOUT,2,"WRITE_TIMEOUT: WriteTimeout: Error from server: code=1100 [Coordinator node timed out waiting for replica nodes' responses] message=""Operation timed out - received only 2 responses."" info={'consistency': 'ALL', 'required_responses': 3, 'received_responses': 2, 'write_type': 'SIMPLE'}"
13,ryw_part_p8_13_1790431016042976100_9161,RYW,network_partition,P8,M,M,ALL,ONE,cassandra2,cassandra1,cassandra2,False,1,2,,False,False,OPERATION_FAILURE,WRITE_TIMEOUT,2,"WRITE_TIMEOUT: WriteTimeout: Error from server: code=1100 [Coordinator node timed out waiting for replica nodes' responses] message=""Operation timed out - received only 2 responses."" info={'consistency': 'ALL', 'required_responses': 3, 'received_responses': 2, 'write_type': 'SIMPLE'}"
14,ryw_part_p8_14_1790431029119568800_3856,RYW,network_partition,P8,M,M,ALL,ONE,cassandra1,cassandra2,cassandra1,False,1,2,,False,False,OPERATION_FAILURE,WRITE_TIMEOUT,2,"WRITE_TIMEOUT: WriteTimeout: Error from server: code=1100 [Coordinator node timed out waiting for replica nodes' responses] message=""Operation timed out - received only 2 responses."" info={'consistency': 'ALL', 'required_responses': 3, 'received_responses': 2, 'write_type': 'SIMPLE'}"
15,ryw_part_p8_15_1790431042327296500_7903,RYW,network_partition,P8,M,M,ALL,ONE,cassandra3,cassandra1,cassandra1,True,1,2,,False,False,OPERATION_FAILURE,WRITE_TIMEOUT,2,"WRITE_TIMEOUT: WriteTimeout: Error from server: code=1100 [Coordinator node timed out waiting for replica nodes' responses] message=""Operation timed out - received only 2 responses."" info={'consistency': 'ALL', 'required_responses': 3, 'received_responses': 2, 'write_type': 'SIMPLE'}"
16,ryw_part_p8_16_1790431055293177200_3169,RYW,network_partition,P8,M,M,ALL,ONE,cassandra2,cassandra2,cassandra1,False,1,2,,False,False,OPERATION_FAILURE,WRITE_TIMEOUT,2,"WRITE_TIMEOUT: WriteTimeout: Error from server: code=1100 [Coordinator node timed out waiting for replica nodes' responses] message=""Operation timed out - received only 2 responses."" info={'consistency': 'ALL', 'required_responses': 3, 'received_responses': 2, 'write_type': 'SIMPLE'}"
17,ryw_part_p8_17_1790431068320850200_7954,RYW,network_partition,P8,M,M,ALL,ONE,cassandra1,cassandra1,cassandra1,True,1,2,,False,False,OPERATION_FAILURE,WRITE_TIMEOUT,2,"WRITE_TIMEOUT: WriteTimeout: Error from server: code=1100 [Coordinator node timed out waiting for replica nodes' responses] message=""Operation timed out - received only 2 responses."" info={'consistency': 'ALL', 'required_responses': 3, 'received_responses': 2, 'write_type': 'SIMPLE'}"
18,ryw_part_p8_18_1790431081853033300_3950,RYW,network_partition,P8,M,M,ALL,ONE,cassandra3,cassandra1,cassandra1,True,1,2,,False,False,OPERATION_FAILURE,WRITE_TIMEOUT,2,"WRITE_TIMEOUT: WriteTimeout: Error from server: code=1100 [Coordinator node timed out waiting for replica nodes' responses] message=""Operation timed out - received only 2 responses."" info={'consistency': 'ALL', 'required_responses': 3, 'received_responses': 2, 'write_type': 'SIMPLE'}"
19,ryw_part_p8_19_1790431094879695800_2920,RYW,network_partition,P8,M,M,ALL,ONE,cassandra3,cassandra2,cassandra1,False,1,2,,False,False,OPERATION_FAILURE,WRITE_TIMEOUT,2,"WRITE_TIMEOUT: WriteTimeout: Error from server: code=1100 [Coordinator node timed out waiting for replica nodes' responses] message=""Operation timed out - received only 2 responses."" info={'consistency': 'ALL', 'required_responses': 3, 'received_responses': 2, 'write_type': 'SIMPLE'}"
20,ryw_part_p8_20_1790431107970902100_5583,RYW,network_partition,P8,M,M,ALL,ONE,cassandra2,cassandra2,cassandra1,False,1,2,,False,False,OPERATION_FAILURE,WRITE_TIMEOUT,2,"WRITE_TIMEOUT: WriteTimeout: Error from server: code=1100 [Coordinator node timed out waiting for replica nodes' responses] message=""Operation timed out - received only 2 responses."" info={'consistency': 'ALL', 'required_responses': 3, 'received_responses': 2, 'write_type': 'SIMPLE'}"
1,ryw_part_p9_1_1790431120914681900_7069,RYW,network_partition,P9,M,M,ONE,ALL,cassandra1,cassandra2,cassandra1,False,1,2,,True,False,OPERATION_FAILURE,READ_TIMEOUT,2,"READ_TIMEOUT: ReadTimeout: Error from server: code=1200 [Coordinator node timed out waiting for replica nodes' responses] message=""Operation timed out - received only 2 responses."" info={'consistency': 'ALL', 'required_responses': 3, 'received_responses': 2}"
2,ryw_part_p9_2_1790431136966105700_6164,RYW,network_partition,P9,M,M,ONE,ALL,cassandra1,cassandra2,cassandra1,False,1,2,,True,False,OPERATION_FAILURE,READ_TIMEOUT,2,"READ_TIMEOUT: ReadTimeout: Error from server: code=1200 [Coordinator node timed out waiting for replica nodes' responses] message=""Operation timed out - received only 2 responses."" info={'consistency': 'ALL', 'required_responses': 3, 'received_responses': 2}"
3,ryw_part_p9_3_1790431153043399500_3989,RYW,network_partition,P9,M,M,ONE,ALL,cassandra3,cassandra2,cassandra2,True,1,2,,True,False,OPERATION_FAILURE,READ_TIMEOUT,2,"READ_TIMEOUT: ReadTimeout: Error from server: code=1200 [Coordinator node timed out waiting for replica nodes' responses] message=""Operation timed out - received only 2 responses."" info={'consistency': 'ALL', 'required_responses': 3, 'received_responses': 2}"
4,ryw_part_p9_4_1790431169181549800_2810,RYW,network_partition,P9,M,M,ONE,ALL,cassandra2,cassandra1,cassandra2,False,1,2,,True,False,OPERATION_FAILURE,READ_TIMEOUT,2,"READ_TIMEOUT: ReadTimeout: Error from server: code=1200 [Coordinator node timed out waiting for replica nodes' responses] message=""Operation timed out - received only 2 responses."" info={'consistency': 'ALL', 'required_responses': 3, 'received_responses': 2}"
5,ryw_part_p9_5_1790431185339598900_7154,RYW,network_partition,P9,M,M,ONE,ALL,cassandra3,cassandra1,cassandra1,True,1,2,,True,False,OPERATION_FAILURE,READ_TIMEOUT,2,"READ_TIMEOUT: ReadTimeout: Error from server: code=1200 [Coordinator node timed out waiting for replica nodes' responses] message=""Operation timed out - received only 2 responses."" info={'consistency': 'ALL', 'required_responses': 3, 'received_responses': 2}"
6,ryw_part_p9_6_1790431201472208100_2537,RYW,network_partition,P9,M,M,ONE,ALL,cassandra3,cassandra2,cassandra1,False,1,2,,True,False,OPERATION_FAILURE,READ_TIMEOUT,2,"READ_TIMEOUT: ReadTimeout: Error from server: code=1200 [Coordinator node timed out waiting for replica nodes' responses] message=""Operation timed out - received only 2 responses."" info={'consistency': 'ALL', 'required_responses': 3, 'received_responses': 2}"
7,ryw_part_p9_7_1790431946950011400_7106,RYW,network_partition,P9,M,M,ONE,ALL,cassandra1,cassandra2,cassandra2,True,1,2,,True,False,OPERATION_FAILURE,READ_TIMEOUT,2,"READ_TIMEOUT: ReadTimeout: Error from server: code=1200 [Coordinator node timed out waiting for replica nodes' responses] message=""Operation timed out - received only 2 responses."" info={'consistency': 'ALL', 'required_responses': 3, 'received_responses': 2}"
8,ryw_part_p9_8_1790431963250204200_6747,RYW,network_partition,P9,M,M,ONE,ALL,cassandra1,cassandra2,cassandra2,True,1,2,,True,False,OPERATION_FAILURE,READ_TIMEOUT,2,"READ_TIMEOUT: ReadTimeout: Error from server: code=1200 [Coordinator node timed out waiting for replica nodes' responses] message=""Operation timed out - received only 2 responses."" info={'consistency': 'ALL', 'required_responses': 3, 'received_responses': 2}"
9,ryw_part_p9_9_1790431245011689000_6015,RYW,network_partition,P9,M,M,ONE,ALL,cassandra1,cassandra2,cassandra1,False,1,2,,True,False,OPERATION_FAILURE,READ_TIMEOUT,2,"READ_TIMEOUT: ReadTimeout: Error from server: code=1200 [Coordinator node timed out waiting for replica nodes' responses] message=""Operation timed out - received only 2 responses."" info={'consistency': 'ALL', 'required_responses': 3, 'received_responses': 2}"
10,ryw_part_p9_10_1790431261202785900_1780,RYW,network_partition,P9,M,M,ONE,ALL,cassandra2,cassandra1,cassandra1,True,1,2,,True,False,OPERATION_FAILURE,READ_TIMEOUT,2,"READ_TIMEOUT: ReadTimeout: Error from server: code=1200 [Coordinator node timed out waiting for replica nodes' responses] message=""Operation timed out - received only 2 responses."" info={'consistency': 'ALL', 'required_responses': 3, 'received_responses': 2}"
11,ryw_part_p9_11_1790431277431693900_7143,RYW,network_partition,P9,M,M,ONE,ALL,cassandra3,cassandra1,cassandra1,True,1,2,,True,False,OPERATION_FAILURE,READ_TIMEOUT,2,"READ_TIMEOUT: ReadTimeout: Error from server: code=1200 [Coordinator node timed out waiting for replica nodes' responses] message=""Operation timed out - received only 2 responses."" info={'consistency': 'ALL', 'required_responses': 3, 'received_responses': 2}"
12,ryw_part_p9_12_1790431293959680400_2680,RYW,network_partition,P9,M,M,ONE,ALL,cassandra2,cassandra2,cassandra2,True,1,2,,True,False,OPERATION_FAILURE,READ_TIMEOUT,2,"READ_TIMEOUT: ReadTimeout: Error from server: code=1200 [Coordinator node timed out waiting for replica nodes' responses] message=""Operation timed out - received only 2 responses."" info={'consistency': 'ALL', 'required_responses': 3, 'received_responses': 2}"
13,ryw_part_p9_13_1790431310241152000_2141,RYW,network_partition,P9,M,M,ONE,ALL,cassandra1,cassandra2,cassandra1,False,1,2,,True,False,OPERATION_FAILURE,READ_TIMEOUT,2,"READ_TIMEOUT: ReadTimeout: Error from server: code=1200 [Coordinator node timed out waiting for replica nodes' responses] message=""Operation timed out - received only 2 responses."" info={'consistency': 'ALL', 'required_responses': 3, 'received_responses': 2}"
14,ryw_part_p9_14_1790431326627689700_6725,RYW,network_partition,P9,M,M,ONE,ALL,cassandra3,cassandra2,cassandra1,False,1,2,,True,False,OPERATION_FAILURE,READ_TIMEOUT,2,"READ_TIMEOUT: ReadTimeout: Error from server: code=1200 [Coordinator node timed out waiting for replica nodes' responses] message=""Operation timed out - received only 2 responses."" info={'consistency': 'ALL', 'required_responses': 3, 'received_responses': 2}"
15,ryw_part_p9_15_1790431342921007000_8422,RYW,network_partition,P9,M,M,ONE,ALL,cassandra1,cassandra2,cassandra1,False,1,2,,True,False,OPERATION_FAILURE,READ_TIMEOUT,2,"READ_TIMEOUT: ReadTimeout: Error from server: code=1200 [Coordinator node timed out waiting for replica nodes' responses] message=""Operation timed out - received only 2 responses."" info={'consistency': 'ALL', 'required_responses': 3, 'received_responses': 2}"
16,ryw_part_p9_16_1790431359199888200_2874,RYW,network_partition,P9,M,M,ONE,ALL,cassandra2,cassandra2,cassandra2,True,1,2,,True,False,OPERATION_FAILURE,READ_TIMEOUT,2,"READ_TIMEOUT: ReadTimeout: Error from server: code=1200 [Coordinator node timed out waiting for replica nodes' responses] message=""Operation timed out - received only 2 responses."" info={'consistency': 'ALL', 'required_responses': 3, 'received_responses': 2}"
17,ryw_part_p9_17_1790431375580948500_9738,RYW,network_partition,P9,M,M,ONE,ALL,cassandra2,cassandra2,cassandra1,False,1,2,,True,False,OPERATION_FAILURE,READ_TIMEOUT,2,"READ_TIMEOUT: ReadTimeout: Error from server: code=1200 [Coordinator node timed out waiting for replica nodes' responses] message=""Operation timed out - received only 2 responses."" info={'consistency': 'ALL', 'required_responses': 3, 'received_responses': 2}"
18,ryw_part_p9_18_1790431391610921600_9470,RYW,network_partition,P9,M,M,ONE,ALL,cassandra3,cassandra1,cassandra1,True,1,2,,True,False,OPERATION_FAILURE,READ_TIMEOUT,2,"READ_TIMEOUT: ReadTimeout: Error from server: code=1200 [Coordinator node timed out waiting for replica nodes' responses] message=""Operation timed out - received only 2 responses."" info={'consistency': 'ALL', 'required_responses': 3, 'received_responses': 2}"
19,ryw_part_p9_19_1790431407870776700_6991,RYW,network_partition,P9,M,M,ONE,ALL,cassandra1,cassandra2,cassandra2,True,1,2,,True,False,OPERATION_FAILURE,READ_TIMEOUT,2,"READ_TIMEOUT: ReadTimeout: Error from server: code=1200 [Coordinator node timed out waiting for replica nodes' responses] message=""Operation timed out - received only 2 responses."" info={'consistency': 'ALL', 'required_responses': 3, 'received_responses': 2}"
20,ryw_part_p9_20_1790431424213615900_2437,RYW,network_partition,P9,M,M,ONE,ALL,cassandra2,cassandra1,cassandra2,False,1,2,,True,False,OPERATION_FAILURE,READ_TIMEOUT,2,"READ_TIMEOUT: ReadTimeout: Error from server: code=1200 [Coordinator node timed out waiting for replica nodes' responses] message=""Operation timed out - received only 2 responses."" info={'consistency': 'ALL', 'required_responses': 3, 'received_responses': 2}"
