path,description,write_component,read1_component,read2_component,write_cl,read1_cl,read2_cl,trials,passes,violations,operation_failures,setup_errors,availability,mr_success_rate,different_coordinator_trials,unavailable_all_failures,unavailable_quorum_failures,timeout_failures,other_failures
P1,"Intra-majority quorum (M -> M -> M, W=QUORUM, R1=QUORUM, R2=QUORUM)",M,M,M,QUORUM,QUORUM,QUORUM,20,20,0,0,0,1.0,1.0,9,0,0,0,0
P2,"Cross-component regression (M -> M -> I, W=QUORUM, R1=QUORUM, R2=ONE)",M,M,I,QUORUM,QUORUM,ONE,20,0,20,0,0,1.0,0.0,20,0,0,0,0
P3,"Cross-component regression (M -> M -> I, W=ONE, R1=ONE, R2=ONE)",M,M,I,ONE,ONE,ONE,20,0,19,1,0,0.95,0.0,20,0,0,1,0
P4,"Intra-minority local MR (I -> I -> I, W=ONE, R1=ONE, R2=ONE)",I,I,I,ONE,ONE,ONE,20,20,0,0,0,1.0,1.0,0,0,0,0,0
P5,"Cross-component regression (I -> I -> M, W=ONE, R1=ONE, R2=ONE)",I,I,M,ONE,ONE,ONE,20,0,20,0,0,1.0,0.0,20,0,0,0,0
P6,"Intra-majority local MR (M -> M -> M, W=ONE, R1=ONE, R2=ONE)",M,M,M,ONE,ONE,ONE,20,20,0,0,0,1.0,1.0,7,0,0,0,0
P7,"Intra-majority quorum write / local reads (M -> M -> M, W=QUORUM, R1=ONE, R2=ONE)",M,M,M,QUORUM,ONE,ONE,20,19,0,1,0,0.95,1.0,10,0,0,1,0
P8,"Write availability boundary (M -> M -> M, W=ALL, R1=ONE, R2=ONE)",M,M,M,ALL,ONE,ONE,20,0,0,20,0,0.0,0.0,8,0,0,20,0
P9,"Read availability boundary (M -> M -> M, W=ONE, R1=ONE, R2=ALL)",M,M,M,ONE,ONE,ALL,20,0,0,20,0,0.0,0.0,14,0,0,20,0
