trial,key,property,scenario,path,write_component,read1_component,read2_component,write_cl,read1_cl,read2_cl,setup_coordinator,write_coordinator,read1_coordinator,read2_coordinator,same_read_coordinators,initial_version,written_version,read1_version,read2_version,write_completed,read1_completed,read2_completed,regression,classification,failure_mechanism,reconciled_version,error
1,mr_part_p1_1_1790438871623398000_1469,MONOTONIC_READS,network_partition,P1,M,M,M,QUORUM,QUORUM,QUORUM,cassandra1,cassandra2,cassandra1,cassandra2,False,1,2,2,2,True,True,True,False,PASS,,2,
2,mr_part_p1_2_1790438883222064300_4144,MONOTONIC_READS,network_partition,P1,M,M,M,QUORUM,QUORUM,QUORUM,cassandra2,cassandra2,cassandra1,cassandra1,True,1,2,2,2,True,True,True,False,PASS,,2,
3,mr_part_p1_3_1790438894567823700_5990,MONOTONIC_READS,network_partition,P1,M,M,M,QUORUM,QUORUM,QUORUM,cassandra1,cassandra1,cassandra1,cassandra1,True,1,2,2,2,True,True,True,False,PASS,,2,
4,mr_part_p1_4_1790438905766977200_2147,MONOTONIC_READS,network_partition,P1,M,M,M,QUORUM,QUORUM,QUORUM,cassandra2,cassandra1,cassandra2,cassandra2,True,1,2,2,2,True,True,True,False,PASS,,2,
5,mr_part_p1_5_1790438916961023800_2544,MONOTONIC_READS,network_partition,P1,M,M,M,QUORUM,QUORUM,QUORUM,cassandra2,cassandra2,cassandra2,cassandra2,True,1,2,2,2,True,True,True,False,PASS,,2,
6,mr_part_p1_6_1790438928129746700_6710,MONOTONIC_READS,network_partition,P1,M,M,M,QUORUM,QUORUM,QUORUM,cassandra2,cassandra1,cassandra2,cassandra2,True,1,2,2,2,True,True,True,False,PASS,,2,
7,mr_part_p1_7_1790438939384560600_1884,MONOTONIC_READS,network_partition,P1,M,M,M,QUORUM,QUORUM,QUORUM,cassandra2,cassandra2,cassandra2,cassandra2,True,1,2,2,2,True,True,True,False,PASS,,2,
8,mr_part_p1_8_1790438950503346800_9768,MONOTONIC_READS,network_partition,P1,M,M,M,QUORUM,QUORUM,QUORUM,cassandra2,cassandra2,cassandra1,cassandra2,False,1,2,2,2,True,True,True,False,PASS,,2,
9,mr_part_p1_9_1790438961815751100_1481,MONOTONIC_READS,network_partition,P1,M,M,M,QUORUM,QUORUM,QUORUM,cassandra1,cassandra2,cassandra2,cassandra2,True,1,2,2,2,True,True,True,False,PASS,,2,
10,mr_part_p1_10_1790438973018144700_9756,MONOTONIC_READS,network_partition,P1,M,M,M,QUORUM,QUORUM,QUORUM,cassandra2,cassandra2,cassandra2,cassandra1,False,1,2,2,2,True,True,True,False,PASS,,2,
11,mr_part_p1_11_1790438984192675900_8039,MONOTONIC_READS,network_partition,P1,M,M,M,QUORUM,QUORUM,QUORUM,cassandra2,cassandra2,cassandra2,cassandra1,False,1,2,2,2,True,True,True,False,PASS,,2,
12,mr_part_p1_12_1790438995549750300_4533,MONOTONIC_READS,network_partition,P1,M,M,M,QUORUM,QUORUM,QUORUM,cassandra1,cassandra2,cassandra1,cassandra1,True,1,2,2,2,True,True,True,False,PASS,,2,
13,mr_part_p1_13_1790439006732482600_9013,MONOTONIC_READS,network_partition,P1,M,M,M,QUORUM,QUORUM,QUORUM,cassandra1,cassandra1,cassandra2,cassandra1,False,1,2,2,2,True,True,True,False,PASS,,2,
14,mr_part_p1_14_1790439017898511500_6168,MONOTONIC_READS,network_partition,P1,M,M,M,QUORUM,QUORUM,QUORUM,cassandra2,cassandra1,cassandra1,cassandra1,True,1,2,2,2,True,True,True,False,PASS,,2,
15,mr_part_p1_15_1790439029342839800_7245,MONOTONIC_READS,network_partition,P1,M,M,M,QUORUM,QUORUM,QUORUM,cassandra1,cassandra2,cassandra2,cassandra1,False,1,2,2,2,True,True,True,False,PASS,,2,
16,mr_part_p1_16_1790439040655717900_4203,MONOTONIC_READS,network_partition,P1,M,M,M,QUORUM,QUORUM,QUORUM,cassandra2,cassandra1,cassandra1,cassandra2,False,1,2,2,2,True,True,True,False,PASS,,2,
17,mr_part_p1_17_1790439051902239300_4952,MONOTONIC_READS,network_partition,P1,M,M,M,QUORUM,QUORUM,QUORUM,cassandra1,cassandra2,cassandra1,cassandra1,True,1,2,2,2,True,True,True,False,PASS,,2,
18,mr_part_p1_18_1790439063354112400_6212,MONOTONIC_READS,network_partition,P1,M,M,M,QUORUM,QUORUM,QUORUM,cassandra2,cassandra2,cassandra2,cassandra1,False,1,2,2,2,True,True,True,False,PASS,,2,
19,mr_part_p1_19_1790439075055842000_1110,MONOTONIC_READS,network_partition,P1,M,M,M,QUORUM,QUORUM,QUORUM,cassandra1,cassandra2,cassandra2,cassandra2,True,1,2,2,2,True,True,True,False,PASS,,2,
20,mr_part_p1_20_1790439086425425500_4138,MONOTONIC_READS,network_partition,P1,M,M,M,QUORUM,QUORUM,QUORUM,cassandra2,cassandra1,cassandra2,cassandra1,False,1,2,2,2,True,True,True,False,PASS,,2,
1,mr_part_p2_1_1790439097801482100_7989,MONOTONIC_READS,network_partition,P2,M,M,I,QUORUM,QUORUM,ONE,cassandra1,cassandra2,cassandra1,cassandra3,False,1,2,2,1,True,True,True,True,MR_VIOLATION,,2,
2,mr_part_p2_2_1790439109101489000_3543,MONOTONIC_READS,network_partition,P2,M,M,I,QUORUM,QUORUM,ONE,cassandra2,cassandra2,cassandra1,cassandra3,False,1,2,2,1,True,True,True,True,MR_VIOLATION,,2,
3,mr_part_p2_3_1790439120328729400_3671,MONOTONIC_READS,network_partition,P2,M,M,I,QUORUM,QUORUM,ONE,cassandra2,cassandra2,cassandra1,cassandra3,False,1,2,2,1,True,True,True,True,MR_VIOLATION,,2,
4,mr_part_p2_4_1790439131463338700_5500,MONOTONIC_READS,network_partition,P2,M,M,I,QUORUM,QUORUM,ONE,cassandra2,cassandra2,cassandra1,cassandra3,False,1,2,2,1,True,True,True,True,MR_VIOLATION,,2,
5,mr_part_p2_5_1790439142534812300_6722,MONOTONIC_READS,network_partition,P2,M,M,I,QUORUM,QUORUM,ONE,cassandra1,cassandra2,cassandra2,cassandra3,False,1,2,2,1,True,True,True,True,MR_VIOLATION,,2,
6,mr_part_p2_6_1790439153721131200_3493,MONOTONIC_READS,network_partition,P2,M,M,I,QUORUM,QUORUM,ONE,cassandra1,cassandra1,cassandra1,cassandra3,False,1,2,2,1,True,True,True,True,MR_VIOLATION,,2,
7,mr_part_p2_7_1790439165067113400_9546,MONOTONIC_READS,network_partition,P2,M,M,I,QUORUM,QUORUM,ONE,cassandra2,cassandra2,cassandra1,cassandra3,False,1,2,2,1,True,True,True,True,MR_VIOLATION,,2,
8,mr_part_p2_8_1790439176421860800_4430,MONOTONIC_READS,network_partition,P2,M,M,I,QUORUM,QUORUM,ONE,cassandra2,cassandra1,cassandra2,cassandra3,False,1,2,2,1,True,True,True,True,MR_VIOLATION,,2,
9,mr_part_p2_9_1790439188011548700_2466,MONOTONIC_READS,network_partition,P2,M,M,I,QUORUM,QUORUM,ONE,cassandra2,cassandra2,cassandra1,cassandra3,False,1,2,2,1,True,True,True,True,MR_VIOLATION,,2,
10,mr_part_p2_10_1790439199337540700_5935,MONOTONIC_READS,network_partition,P2,M,M,I,QUORUM,QUORUM,ONE,cassandra2,cassandra2,cassandra2,cassandra3,False,1,2,2,1,True,True,True,True,MR_VIOLATION,,2,
11,mr_part_p2_11_1790439210570127400_3734,MONOTONIC_READS,network_partition,P2,M,M,I,QUORUM,QUORUM,ONE,cassandra2,cassandra1,cassandra2,cassandra3,False,1,2,2,1,True,True,True,True,MR_VIOLATION,,2,
12,mr_part_p2_12_1790439221913125200_6821,MONOTONIC_READS,network_partition,P2,M,M,I,QUORUM,QUORUM,ONE,cassandra2,cassandra1,cassandra2,cassandra3,False,1,2,2,1,True,True,True,True,MR_VIOLATION,,2,
13,mr_part_p2_13_1790439233249024800_1045,MONOTONIC_READS,network_partition,P2,M,M,I,QUORUM,QUORUM,ONE,cassandra1,cassandra1,cassandra1,cassandra3,False,1,2,2,1,True,True,True,True,MR_VIOLATION,,2,
14,mr_part_p2_14_1790439244559483000_2551,MONOTONIC_READS,network_partition,P2,M,M,I,QUORUM,QUORUM,ONE,cassandra1,cassandra2,cassandra1,cassandra3,False,1,2,2,1,True,True,True,True,MR_VIOLATION,,2,
15,mr_part_p2_15_1790439256176545800_4729,MONOTONIC_READS,network_partition,P2,M,M,I,QUORUM,QUORUM,ONE,cassandra1,cassandra2,cassandra2,cassandra3,False,1,2,2,1,True,True,True,True,MR_VIOLATION,,2,
16,mr_part_p2_16_1790439267517181100_9193,MONOTONIC_READS,network_partition,P2,M,M,I,QUORUM,QUORUM,ONE,cassandra1,cassandra1,cassandra1,cassandra3,False,1,2,2,1,True,True,True,True,MR_VIOLATION,,2,
17,mr_part_p2_17_1790439278777180000_9537,MONOTONIC_READS,network_partition,P2,M,M,I,QUORUM,QUORUM,ONE,cassandra1,cassandra2,cassandra2,cassandra3,False,1,2,2,1,True,True,True,True,MR_VIOLATION,,2,
18,mr_part_p2_18_1790439290132460300_5393,MONOTONIC_READS,network_partition,P2,M,M,I,QUORUM,QUORUM,ONE,cassandra1,cassandra2,cassandra2,cassandra3,False,1,2,2,1,True,True,True,True,MR_VIOLATION,,2,
19,mr_part_p2_19_1790439301389511900_2884,MONOTONIC_READS,network_partition,P2,M,M,I,QUORUM,QUORUM,ONE,cassandra1,cassandra1,cassandra2,cassandra3,False,1,2,2,1,True,True,True,True,MR_VIOLATION,,2,
20,mr_part_p2_20_1790439312703484500_9248,MONOTONIC_READS,network_partition,P2,M,M,I,QUORUM,QUORUM,ONE,cassandra2,cassandra2,cassandra2,cassandra3,False,1,2,2,1,True,True,True,True,MR_VIOLATION,,2,
1,mr_part_p3_1_1790439323860940800_7386,MONOTONIC_READS,network_partition,P3,M,M,I,ONE,ONE,ONE,cassandra1,cassandra2,cassandra1,cassandra3,False,1,2,2,1,True,True,True,True,MR_VIOLATION,,2,
2,mr_part_p3_2_1790439334997236500_1716,MONOTONIC_READS,network_partition,P3,M,M,I,ONE,ONE,ONE,cassandra1,cassandra2,cassandra2,cassandra3,False,1,2,2,1,True,True,True,True,MR_VIOLATION,,2,
3,mr_part_p3_3_1790439346014072200_9207,MONOTONIC_READS,network_partition,P3,M,M,I,ONE,ONE,ONE,cassandra1,cassandra2,cassandra2,cassandra3,False,1,2,2,1,True,True,True,True,MR_VIOLATION,,2,
4,mr_part_p3_4_1790439357162665300_4318,MONOTONIC_READS,network_partition,P3,M,M,I,ONE,ONE,ONE,cassandra1,cassandra1,cassandra2,cassandra3,False,1,2,2,1,True,True,True,True,MR_VIOLATION,,2,
5,mr_part_p3_5_1790439368317150100_1925,MONOTONIC_READS,network_partition,P3,M,M,I,ONE,ONE,ONE,cassandra2,cassandra1,cassandra1,cassandra3,False,1,2,2,1,True,True,True,True,MR_VIOLATION,,2,
6,mr_part_p3_6_1790439379396994100_1860,MONOTONIC_READS,network_partition,P3,M,M,I,ONE,ONE,ONE,cassandra2,cassandra1,cassandra1,cassandra3,False,1,2,2,1,True,True,True,True,MR_VIOLATION,,2,
7,mr_part_p3_7_1790439390472230800_7147,MONOTONIC_READS,network_partition,P3,M,M,I,ONE,ONE,ONE,cassandra1,cassandra1,cassandra2,cassandra3,False,1,2,2,1,True,True,True,True,MR_VIOLATION,,2,
8,mr_part_p3_8_1790439401556485400_8292,MONOTONIC_READS,network_partition,P3,M,M,I,ONE,ONE,ONE,cassandra1,cassandra1,cassandra2,cassandra3,False,1,2,2,1,True,True,True,True,MR_VIOLATION,,2,
9,mr_part_p3_9_1790439412771641800_1795,MONOTONIC_READS,network_partition,P3,M,M,I,ONE,ONE,ONE,cassandra2,cassandra1,cassandra1,cassandra3,False,1,2,2,1,True,True,True,True,MR_VIOLATION,,2,
10,mr_part_p3_10_1790439423907548600_6571,MONOTONIC_READS,network_partition,P3,M,M,I,ONE,ONE,ONE,cassandra1,cassandra2,cassandra1,cassandra3,False,1,2,2,1,True,True,True,True,MR_VIOLATION,,2,
11,mr_part_p3_11_1790439435109599300_4012,MONOTONIC_READS,network_partition,P3,M,M,I,ONE,ONE,ONE,cassandra2,cassandra1,cassandra1,cassandra3,False,1,2,2,1,True,True,True,True,MR_VIOLATION,,2,
12,mr_part_p3_12_1790439446282873800_9544,MONOTONIC_READS,network_partition,P3,M,M,I,ONE,ONE,ONE,cassandra1,cassandra1,cassandra1,cassandra3,False,1,2,2,,True,True,False,False,OPERATION_FAILURE,READ_TIMEOUT,2,"READ_TIMEOUT: ReadTimeout: Error from server: code=1200 [Coordinator node timed out waiting for replica nodes' responses] message=""Operation timed out - received only 0 responses."" info={'consistency': 'ONE', 'required_responses': 1, 'received_responses': 0}"
13,mr_part_p3_13_1790439462461311700_2441,MONOTONIC_READS,network_partition,P3,M,M,I,ONE,ONE,ONE,cassandra1,cassandra2,cassandra1,cassandra3,False,1,2,2,1,True,True,True,True,MR_VIOLATION,,2,
14,mr_part_p3_14_1790439473601600300_7624,MONOTONIC_READS,network_partition,P3,M,M,I,ONE,ONE,ONE,cassandra1,cassandra2,cassandra1,cassandra3,False,1,2,2,1,True,True,True,True,MR_VIOLATION,,2,
15,mr_part_p3_15_1790439484823452500_1442,MONOTONIC_READS,network_partition,P3,M,M,I,ONE,ONE,ONE,cassandra1,cassandra2,cassandra2,cassandra3,False,1,2,2,1,True,True,True,True,MR_VIOLATION,,2,
16,mr_part_p3_16_1790439496074028800_1847,MONOTONIC_READS,network_partition,P3,M,M,I,ONE,ONE,ONE,cassandra2,cassandra1,cassandra1,cassandra3,False,1,2,2,1,True,True,True,True,MR_VIOLATION,,2,
17,mr_part_p3_17_1790439507187559700_1553,MONOTONIC_READS,network_partition,P3,M,M,I,ONE,ONE,ONE,cassandra2,cassandra1,cassandra1,cassandra3,False,1,2,2,1,True,True,True,True,MR_VIOLATION,,2,
18,mr_part_p3_18_1790439518366379500_7686,MONOTONIC_READS,network_partition,P3,M,M,I,ONE,ONE,ONE,cassandra2,cassandra2,cassandra1,cassandra3,False,1,2,2,1,True,True,True,True,MR_VIOLATION,,2,
19,mr_part_p3_19_1790439529481314900_9529,MONOTONIC_READS,network_partition,P3,M,M,I,ONE,ONE,ONE,cassandra1,cassandra1,cassandra2,cassandra3,False,1,2,2,1,True,True,True,True,MR_VIOLATION,,2,
20,mr_part_p3_20_1790439540480778500_3769,MONOTONIC_READS,network_partition,P3,M,M,I,ONE,ONE,ONE,cassandra2,cassandra2,cassandra1,cassandra3,False,1,2,2,1,True,True,True,True,MR_VIOLATION,,2,
1,mr_part_p4_1_1790439551531597100_7787,MONOTONIC_READS,network_partition,P4,I,I,I,ONE,ONE,ONE,cassandra1,cassandra3,cassandra3,cassandra3,True,1,2,2,2,True,True,True,False,PASS,,2,
2,mr_part_p4_2_1790439562618999100_4035,MONOTONIC_READS,network_partition,P4,I,I,I,ONE,ONE,ONE,cassandra2,cassandra3,cassandra3,cassandra3,True,1,2,2,2,True,True,True,False,PASS,,2,
3,mr_part_p4_3_1790439573693052700_1530,MONOTONIC_READS,network_partition,P4,I,I,I,ONE,ONE,ONE,cassandra1,cassandra3,cassandra3,cassandra3,True,1,2,2,2,True,True,True,False,PASS,,2,
4,mr_part_p4_4_1790439584754092500_6042,MONOTONIC_READS,network_partition,P4,I,I,I,ONE,ONE,ONE,cassandra2,cassandra3,cassandra3,cassandra3,True,1,2,2,2,True,True,True,False,PASS,,2,
5,mr_part_p4_5_1790439595866656100_2737,MONOTONIC_READS,network_partition,P4,I,I,I,ONE,ONE,ONE,cassandra1,cassandra3,cassandra3,cassandra3,True,1,2,2,2,True,True,True,False,PASS,,2,
6,mr_part_p4_6_1790439606939631600_2286,MONOTONIC_READS,network_partition,P4,I,I,I,ONE,ONE,ONE,cassandra1,cassandra3,cassandra3,cassandra3,True,1,2,2,2,True,True,True,False,PASS,,2,
7,mr_part_p4_7_1790439618288268100_7727,MONOTONIC_READS,network_partition,P4,I,I,I,ONE,ONE,ONE,cassandra2,cassandra3,cassandra3,cassandra3,True,1,2,2,2,True,True,True,False,PASS,,2,
8,mr_part_p4_8_1790439629627360600_5257,MONOTONIC_READS,network_partition,P4,I,I,I,ONE,ONE,ONE,cassandra2,cassandra3,cassandra3,cassandra3,True,1,2,2,2,True,True,True,False,PASS,,2,
9,mr_part_p4_9_1790439640669798000_2701,MONOTONIC_READS,network_partition,P4,I,I,I,ONE,ONE,ONE,cassandra1,cassandra3,cassandra3,cassandra3,True,1,2,2,2,True,True,True,False,PASS,,2,
10,mr_part_p4_10_1790439651762813800_1230,MONOTONIC_READS,network_partition,P4,I,I,I,ONE,ONE,ONE,cassandra1,cassandra3,cassandra3,cassandra3,True,1,2,2,2,True,True,True,False,PASS,,2,
11,mr_part_p4_11_1790439662919229600_3376,MONOTONIC_READS,network_partition,P4,I,I,I,ONE,ONE,ONE,cassandra1,cassandra3,cassandra3,cassandra3,True,1,2,2,2,True,True,True,False,PASS,,2,
12,mr_part_p4_12_1790439674049515700_1030,MONOTONIC_READS,network_partition,P4,I,I,I,ONE,ONE,ONE,cassandra2,cassandra3,cassandra3,cassandra3,True,1,2,2,2,True,True,True,False,PASS,,2,
13,mr_part_p4_13_1790439685146730000_1409,MONOTONIC_READS,network_partition,P4,I,I,I,ONE,ONE,ONE,cassandra1,cassandra3,cassandra3,cassandra3,True,1,2,2,2,True,True,True,False,PASS,,2,
14,mr_part_p4_14_1790439696707122100_6950,MONOTONIC_READS,network_partition,P4,I,I,I,ONE,ONE,ONE,cassandra2,cassandra3,cassandra3,cassandra3,True,1,2,2,2,True,True,True,False,PASS,,2,
15,mr_part_p4_15_1790439708279151600_8490,MONOTONIC_READS,network_partition,P4,I,I,I,ONE,ONE,ONE,cassandra1,cassandra3,cassandra3,cassandra3,True,1,2,2,2,True,True,True,False,PASS,,2,
16,mr_part_p4_16_1790439719765362600_5507,MONOTONIC_READS,network_partition,P4,I,I,I,ONE,ONE,ONE,cassandra1,cassandra3,cassandra3,cassandra3,True,1,2,2,2,True,True,True,False,PASS,,2,
17,mr_part_p4_17_1790439731096222400_6260,MONOTONIC_READS,network_partition,P4,I,I,I,ONE,ONE,ONE,cassandra2,cassandra3,cassandra3,cassandra3,True,1,2,2,2,True,True,True,False,PASS,,2,
18,mr_part_p4_18_1790439742308631300_3610,MONOTONIC_READS,network_partition,P4,I,I,I,ONE,ONE,ONE,cassandra1,cassandra3,cassandra3,cassandra3,True,1,2,2,2,True,True,True,False,PASS,,2,
19,mr_part_p4_19_1790439753493383800_5278,MONOTONIC_READS,network_partition,P4,I,I,I,ONE,ONE,ONE,cassandra2,cassandra3,cassandra3,cassandra3,True,1,2,2,2,True,True,True,False,PASS,,2,
20,mr_part_p4_20_1790439764744770700_3662,MONOTONIC_READS,network_partition,P4,I,I,I,ONE,ONE,ONE,cassandra2,cassandra3,cassandra3,cassandra3,True,1,2,2,2,True,True,True,False,PASS,,2,
1,mr_part_p5_1_1790439775821583600_7120,MONOTONIC_READS,network_partition,P5,I,I,M,ONE,ONE,ONE,cassandra1,cassandra3,cassandra3,cassandra1,False,1,2,2,1,True,True,True,True,MR_VIOLATION,,2,
2,mr_part_p5_2_1790439786894798000_6116,MONOTONIC_READS,network_partition,P5,I,I,M,ONE,ONE,ONE,cassandra1,cassandra3,cassandra3,cassandra1,False,1,2,2,1,True,True,True,True,MR_VIOLATION,,2,
3,mr_part_p5_3_1790439798135252000_3526,MONOTONIC_READS,network_partition,P5,I,I,M,ONE,ONE,ONE,cassandra1,cassandra3,cassandra3,cassandra2,False,1,2,2,1,True,True,True,True,MR_VIOLATION,,2,
4,mr_part_p5_4_1790439809311742600_3986,MONOTONIC_READS,network_partition,P5,I,I,M,ONE,ONE,ONE,cassandra2,cassandra3,cassandra3,cassandra1,False,1,2,2,1,True,True,True,True,MR_VIOLATION,,2,
5,mr_part_p5_5_1790439820489531100_9164,MONOTONIC_READS,network_partition,P5,I,I,M,ONE,ONE,ONE,cassandra2,cassandra3,cassandra3,cassandra2,False,1,2,2,1,True,True,True,True,MR_VIOLATION,,2,
6,mr_part_p5_6_1790439831664002400_1686,MONOTONIC_READS,network_partition,P5,I,I,M,ONE,ONE,ONE,cassandra2,cassandra3,cassandra3,cassandra2,False,1,2,2,1,True,True,True,True,MR_VIOLATION,,2,
7,mr_part_p5_7_1790439842814854300_3536,MONOTONIC_READS,network_partition,P5,I,I,M,ONE,ONE,ONE,cassandra2,cassandra3,cassandra3,cassandra2,False,1,2,2,1,True,True,True,True,MR_VIOLATION,,2,
8,mr_part_p5_8_1790439853828503500_8173,MONOTONIC_READS,network_partition,P5,I,I,M,ONE,ONE,ONE,cassandra2,cassandra3,cassandra3,cassandra1,False,1,2,2,1,True,True,True,True,MR_VIOLATION,,2,
9,mr_part_p5_9_1790439865135281200_6348,MONOTONIC_READS,network_partition,P5,I,I,M,ONE,ONE,ONE,cassandra1,cassandra3,cassandra3,cassandra2,False,1,2,2,1,True,True,True,True,MR_VIOLATION,,2,
10,mr_part_p5_10_1790439876150732100_3739,MONOTONIC_READS,network_partition,P5,I,I,M,ONE,ONE,ONE,cassandra1,cassandra3,cassandra3,cassandra1,False,1,2,2,1,True,True,True,True,MR_VIOLATION,,2,
11,mr_part_p5_11_1790439887203506800_5451,MONOTONIC_READS,network_partition,P5,I,I,M,ONE,ONE,ONE,cassandra1,cassandra3,cassandra3,cassandra1,False,1,2,2,1,True,True,True,True,MR_VIOLATION,,2,
12,mr_part_p5_12_1790439898446750600_7554,MONOTONIC_READS,network_partition,P5,I,I,M,ONE,ONE,ONE,cassandra2,cassandra3,cassandra3,cassandra1,False,1,2,2,1,True,True,True,True,MR_VIOLATION,,2,
13,mr_part_p5_13_1790439909508401000_4162,MONOTONIC_READS,network_partition,P5,I,I,M,ONE,ONE,ONE,cassandra2,cassandra3,cassandra3,cassandra1,False,1,2,2,1,True,True,True,True,MR_VIOLATION,,2,
14,mr_part_p5_14_1790439920648671600_8147,MONOTONIC_READS,network_partition,P5,I,I,M,ONE,ONE,ONE,cassandra2,cassandra3,cassandra3,cassandra1,False,1,2,2,1,True,True,True,True,MR_VIOLATION,,2,
15,mr_part_p5_15_1790439931619812400_8973,MONOTONIC_READS,network_partition,P5,I,I,M,ONE,ONE,ONE,cassandra1,cassandra3,cassandra3,cassandra1,False,1,2,2,1,True,True,True,True,MR_VIOLATION,,2,
16,mr_part_p5_16_1790439942758197400_9510,MONOTONIC_READS,network_partition,P5,I,I,M,ONE,ONE,ONE,cassandra1,cassandra3,cassandra3,cassandra1,False,1,2,2,1,True,True,True,True,MR_VIOLATION,,2,
17,mr_part_p5_17_1790439953827385700_7889,MONOTONIC_READS,network_partition,P5,I,I,M,ONE,ONE,ONE,cassandra1,cassandra3,cassandra3,cassandra2,False,1,2,2,1,True,True,True,True,MR_VIOLATION,,2,
18,mr_part_p5_18_1790439964920855000_6835,MONOTONIC_READS,network_partition,P5,I,I,M,ONE,ONE,ONE,cassandra2,cassandra3,cassandra3,cassandra2,False,1,2,2,1,True,True,True,True,MR_VIOLATION,,2,
19,mr_part_p5_19_1790439976187776900_8432,MONOTONIC_READS,network_partition,P5,I,I,M,ONE,ONE,ONE,cassandra1,cassandra3,cassandra3,cassandra2,False,1,2,2,1,True,True,True,True,MR_VIOLATION,,2,
20,mr_part_p5_20_1790439987250492100_8786,MONOTONIC_READS,network_partition,P5,I,I,M,ONE,ONE,ONE,cassandra2,cassandra3,cassandra3,cassandra1,False,1,2,2,1,True,True,True,True,MR_VIOLATION,,2,
1,mr_part_p6_1_1790439998335843800_7626,MONOTONIC_READS,network_partition,P6,M,M,M,ONE,ONE,ONE,cassandra1,cassandra2,cassandra1,cassandra2,False,1,2,2,2,True,True,True,False,PASS,,2,
2,mr_part_p6_2_1790440009321423100_4087,MONOTONIC_READS,network_partition,P6,M,M,M,ONE,ONE,ONE,cassandra1,cassandra1,cassandra2,cassandra2,True,1,2,2,2,True,True,True,False,PASS,,2,
3,mr_part_p6_3_1790440020295708900_8508,MONOTONIC_READS,network_partition,P6,M,M,M,ONE,ONE,ONE,cassandra1,cassandra2,cassandra2,cassandra2,True,1,2,2,2,True,True,True,False,PASS,,2,
4,mr_part_p6_4_1790440031383533800_2916,MONOTONIC_READS,network_partition,P6,M,M,M,ONE,ONE,ONE,cassandra2,cassandra1,cassandra1,cassandra1,True,1,2,2,2,True,True,True,False,PASS,,2,
5,mr_part_p6_5_1790440042333228300_6116,MONOTONIC_READS,network_partition,P6,M,M,M,ONE,ONE,ONE,cassandra1,cassandra2,cassandra2,cassandra1,False,1,2,2,2,True,True,True,False,PASS,,2,
6,mr_part_p6_6_1790440053270368800_5223,MONOTONIC_READS,network_partition,P6,M,M,M,ONE,ONE,ONE,cassandra1,cassandra2,cassandra1,cassandra2,False,1,2,2,2,True,True,True,False,PASS,,2,
7,mr_part_p6_7_1790440064147765200_9700,MONOTONIC_READS,network_partition,P6,M,M,M,ONE,ONE,ONE,cassandra2,cassandra1,cassandra1,cassandra2,False,1,2,2,2,True,True,True,False,PASS,,2,
8,mr_part_p6_8_1790440075135507100_1887,MONOTONIC_READS,network_partition,P6,M,M,M,ONE,ONE,ONE,cassandra2,cassandra1,cassandra1,cassandra2,False,1,2,2,2,True,True,True,False,PASS,,2,
9,mr_part_p6_9_1790440086098023700_9232,MONOTONIC_READS,network_partition,P6,M,M,M,ONE,ONE,ONE,cassandra2,cassandra2,cassandra1,cassandra1,True,1,2,2,2,True,True,True,False,PASS,,2,
10,mr_part_p6_10_1790440097034165700_2936,MONOTONIC_READS,network_partition,P6,M,M,M,ONE,ONE,ONE,cassandra1,cassandra1,cassandra2,cassandra2,True,1,2,2,2,True,True,True,False,PASS,,2,
11,mr_part_p6_11_1790440108124597400_6204,MONOTONIC_READS,network_partition,P6,M,M,M,ONE,ONE,ONE,cassandra2,cassandra2,cassandra1,cassandra1,True,1,2,2,2,True,True,True,False,PASS,,2,
12,mr_part_p6_12_1790440119399132300_7237,MONOTONIC_READS,network_partition,P6,M,M,M,ONE,ONE,ONE,cassandra2,cassandra2,cassandra1,cassandra2,False,1,2,2,2,True,True,True,False,PASS,,2,
13,mr_part_p6_13_1790440130676577900_7345,MONOTONIC_READS,network_partition,P6,M,M,M,ONE,ONE,ONE,cassandra2,cassandra1,cassandra1,cassandra1,True,1,2,2,2,True,True,True,False,PASS,,2,
14,mr_part_p6_14_1790440142340998600_4172,MONOTONIC_READS,network_partition,P6,M,M,M,ONE,ONE,ONE,cassandra2,cassandra2,cassandra1,cassandra1,True,1,2,2,2,True,True,True,False,PASS,,2,
15,mr_part_p6_15_1790440153560156100_8902,MONOTONIC_READS,network_partition,P6,M,M,M,ONE,ONE,ONE,cassandra1,cassandra2,cassandra1,cassandra1,True,1,2,2,2,True,True,True,False,PASS,,2,
16,mr_part_p6_16_1790440164831894700_5135,MONOTONIC_READS,network_partition,P6,M,M,M,ONE,ONE,ONE,cassandra1,cassandra2,cassandra2,cassandra2,True,1,2,2,2,True,True,True,False,PASS,,2,
17,mr_part_p6_17_1790440176190628800_7787,MONOTONIC_READS,network_partition,P6,M,M,M,ONE,ONE,ONE,cassandra1,cassandra2,cassandra2,cassandra1,False,1,2,2,2,True,True,True,False,PASS,,2,
18,mr_part_p6_18_1790440187299240000_4964,MONOTONIC_READS,network_partition,P6,M,M,M,ONE,ONE,ONE,cassandra2,cassandra2,cassandra2,cassandra2,True,1,2,2,2,True,True,True,False,PASS,,2,
19,mr_part_p6_19_1790440198502006400_1279,MONOTONIC_READS,network_partition,P6,M,M,M,ONE,ONE,ONE,cassandra1,cassandra1,cassandra1,cassandra1,True,1,2,2,2,True,True,True,False,PASS,,2,
20,mr_part_p6_20_1790440209540814700_1371,MONOTONIC_READS,network_partition,P6,M,M,M,ONE,ONE,ONE,cassandra1,cassandra2,cassandra1,cassandra1,True,1,2,2,2,True,True,True,False,PASS,,2,
1,mr_part_p7_1_1790440220728233800_2651,MONOTONIC_READS,network_partition,P7,M,M,M,QUORUM,ONE,ONE,cassandra2,cassandra2,cassandra2,cassandra1,False,1,2,2,2,True,True,True,False,PASS,,2,
2,mr_part_p7_2_1790440231810137700_6778,MONOTONIC_READS,network_partition,P7,M,M,M,QUORUM,ONE,ONE,cassandra2,cassandra2,cassandra2,cassandra2,True,1,2,2,2,True,True,True,False,PASS,,2,
3,mr_part_p7_3_1790440243023767100_6134,MONOTONIC_READS,network_partition,P7,M,M,M,QUORUM,ONE,ONE,cassandra1,cassandra2,cassandra1,cassandra2,False,1,2,2,2,True,True,True,False,PASS,,2,
4,mr_part_p7_4_1790440254189739500_5655,MONOTONIC_READS,network_partition,P7,M,M,M,QUORUM,ONE,ONE,cassandra2,cassandra1,cassandra2,cassandra1,False,1,2,2,2,True,True,True,False,PASS,,2,
5,mr_part_p7_5_1790440265350302000_5959,MONOTONIC_READS,network_partition,P7,M,M,M,QUORUM,ONE,ONE,cassandra1,cassandra1,cassandra2,cassandra2,True,1,2,2,2,True,True,True,False,PASS,,2,
6,mr_part_p7_6_1790440276529051500_8141,MONOTONIC_READS,network_partition,P7,M,M,M,QUORUM,ONE,ONE,cassandra2,cassandra2,cassandra2,cassandra1,False,1,2,2,2,True,True,True,False,PASS,,2,
7,mr_part_p7_7_1790440287737007300_1141,MONOTONIC_READS,network_partition,P7,M,M,M,QUORUM,ONE,ONE,cassandra1,cassandra1,cassandra1,cassandra2,False,1,2,2,2,True,True,True,False,PASS,,2,
8,mr_part_p7_8_1790440299013263600_8402,MONOTONIC_READS,network_partition,P7,M,M,M,QUORUM,ONE,ONE,cassandra1,cassandra2,cassandra2,cassandra2,True,1,2,2,2,True,True,True,False,PASS,,2,
9,mr_part_p7_9_1790440310207992900_2832,MONOTONIC_READS,network_partition,P7,M,M,M,QUORUM,ONE,ONE,cassandra1,cassandra1,cassandra2,cassandra2,True,1,2,2,2,True,True,True,False,PASS,,2,
10,mr_part_p7_10_1790440321207814600_9667,MONOTONIC_READS,network_partition,P7,M,M,M,QUORUM,ONE,ONE,cassandra2,cassandra2,cassandra1,cassandra1,True,1,2,2,2,True,True,True,False,PASS,,2,
11,mr_part_p7_11_1790440332340198800_5365,MONOTONIC_READS,network_partition,P7,M,M,M,QUORUM,ONE,ONE,cassandra2,cassandra2,cassandra1,cassandra1,True,1,2,2,2,True,True,True,False,PASS,,2,
12,mr_part_p7_12_1790440343416000200_3905,MONOTONIC_READS,network_partition,P7,M,M,M,QUORUM,ONE,ONE,cassandra2,cassandra1,cassandra1,cassandra2,False,1,2,2,2,True,True,True,False,PASS,,2,
13,mr_part_p7_13_1790440354478852300_9572,MONOTONIC_READS,network_partition,P7,M,M,M,QUORUM,ONE,ONE,cassandra2,cassandra1,cassandra1,cassandra2,False,1,2,2,2,True,True,True,False,PASS,,2,
14,mr_part_p7_14_1790440365547465100_8824,MONOTONIC_READS,network_partition,P7,M,M,M,QUORUM,ONE,ONE,cassandra2,cassandra2,cassandra2,cassandra2,True,1,2,2,2,True,True,True,False,PASS,,2,
15,mr_part_p7_15_1790440376616195100_7593,MONOTONIC_READS,network_partition,P7,M,M,M,QUORUM,ONE,ONE,cassandra2,cassandra2,cassandra1,cassandra1,True,1,2,2,2,True,True,True,False,PASS,,2,
16,mr_part_p7_16_1790440387733996800_9325,MONOTONIC_READS,network_partition,P7,M,M,M,QUORUM,ONE,ONE,cassandra1,cassandra2,cassandra1,cassandra2,False,1,2,2,2,True,True,True,False,PASS,,2,
17,mr_part_p7_17_1790440398678022900_7333,MONOTONIC_READS,network_partition,P7,M,M,M,QUORUM,ONE,ONE,cassandra2,cassandra2,cassandra1,cassandra1,True,1,2,2,2,True,True,True,False,PASS,,2,
18,mr_part_p7_18_1790441745346796400_7457,MONOTONIC_READS,network_partition,P7,M,M,M,QUORUM,ONE,ONE,cassandra2,cassandra2,cassandra2,cassandra2,True,1,2,2,2,True,True,True,False,PASS,,2,
19,mr_part_p7_19_1790440423500175200_9086,MONOTONIC_READS,network_partition,P7,M,M,M,QUORUM,ONE,ONE,cassandra1,cassandra2,cassandra1,cassandra2,False,1,2,,,False,False,False,False,OPERATION_FAILURE,WRITE_TIMEOUT,2,"WRITE_TIMEOUT: WriteTimeout: Error from server: code=1100 [Coordinator node timed out waiting for replica nodes' responses] message=""Operation timed out - received only 1 responses."" info={'consistency': 'QUORUM', 'required_responses': 2, 'received_responses': 1, 'write_type': 'SIMPLE'}"
20,mr_part_p7_20_1790440436667181700_2618,MONOTONIC_READS,network_partition,P7,M,M,M,QUORUM,ONE,ONE,cassandra1,cassandra1,cassandra1,cassandra2,False,1,2,2,2,True,True,True,False,PASS,,2,
1,mr_part_p8_1_1790440447622308800_3204,MONOTONIC_READS,network_partition,P8,M,M,M,ALL,ONE,ONE,cassandra1,cassandra2,cassandra1,cassandra2,False,1,2,,,False,False,False,False,OPERATION_FAILURE,WRITE_TIMEOUT,2,"WRITE_TIMEOUT: WriteTimeout: Error from server: code=1100 [Coordinator node timed out waiting for replica nodes' responses] message=""Operation timed out - received only 2 responses."" info={'consistency': 'ALL', 'required_responses': 3, 'received_responses': 2, 'write_type': 'SIMPLE'}"
2,mr_part_p8_2_1790440460664247000_8530,MONOTONIC_READS,network_partition,P8,M,M,M,ALL,ONE,ONE,cassandra1,cassandra2,cassandra1,cassandra1,True,1,2,,,False,False,False,False,OPERATION_FAILURE,WRITE_TIMEOUT,2,"WRITE_TIMEOUT: WriteTimeout: Error from server: code=1100 [Coordinator node timed out waiting for replica nodes' responses] message=""Operation timed out - received only 2 responses."" info={'consistency': 'ALL', 'required_responses': 3, 'received_responses': 2, 'write_type': 'SIMPLE'}"
3,mr_part_p8_3_1790440473641723700_3970,MONOTONIC_READS,network_partition,P8,M,M,M,ALL,ONE,ONE,cassandra1,cassandra1,cassandra1,cassandra1,True,1,2,,,False,False,False,False,OPERATION_FAILURE,WRITE_TIMEOUT,2,"WRITE_TIMEOUT: WriteTimeout: Error from server: code=1100 [Coordinator node timed out waiting for replica nodes' responses] message=""Operation timed out - received only 2 responses."" info={'consistency': 'ALL', 'required_responses': 3, 'received_responses': 2, 'write_type': 'SIMPLE'}"
4,mr_part_p8_4_1790440486704437300_4437,MONOTONIC_READS,network_partition,P8,M,M,M,ALL,ONE,ONE,cassandra2,cassandra1,cassandra2,cassandra2,True,1,2,,,False,False,False,False,OPERATION_FAILURE,WRITE_TIMEOUT,2,"WRITE_TIMEOUT: WriteTimeout: Error from server: code=1100 [Coordinator node timed out waiting for replica nodes' responses] message=""Operation timed out - received only 2 responses."" info={'consistency': 'ALL', 'required_responses': 3, 'received_responses': 2, 'write_type': 'SIMPLE'}"
5,mr_part_p8_5_1790440499717867300_4624,MONOTONIC_READS,network_partition,P8,M,M,M,ALL,ONE,ONE,cassandra2,cassandra1,cassandra1,cassandra1,True,1,2,,,False,False,False,False,OPERATION_FAILURE,WRITE_TIMEOUT,2,"WRITE_TIMEOUT: WriteTimeout: Error from server: code=1100 [Coordinator node timed out waiting for replica nodes' responses] message=""Operation timed out - received only 2 responses."" info={'consistency': 'ALL', 'required_responses': 3, 'received_responses': 2, 'write_type': 'SIMPLE'}"
6,mr_part_p8_6_1790440512731273500_9449,MONOTONIC_READS,network_partition,P8,M,M,M,ALL,ONE,ONE,cassandra2,cassandra1,cassandra2,cassandra2,True,1,2,,,False,False,False,False,OPERATION_FAILURE,WRITE_TIMEOUT,2,"WRITE_TIMEOUT: WriteTimeout: Error from server: code=1100 [Coordinator node timed out waiting for replica nodes' responses] message=""Operation timed out - received only 2 responses."" info={'consistency': 'ALL', 'required_responses': 3, 'received_responses': 2, 'write_type': 'SIMPLE'}"
7,mr_part_p8_7_1790440525727342800_1606,MONOTONIC_READS,network_partition,P8,M,M,M,ALL,ONE,ONE,cassandra2,cassandra1,cassandra1,cassandra2,False,1,2,,,False,False,False,False,OPERATION_FAILURE,WRITE_TIMEOUT,2,"WRITE_TIMEOUT: WriteTimeout: Error from server: code=1100 [Coordinator node timed out waiting for replica nodes' responses] message=""Operation timed out - received only 2 responses."" info={'consistency': 'ALL', 'required_responses': 3, 'received_responses': 2, 'write_type': 'SIMPLE'}"
8,mr_part_p8_8_1790440538769040300_8941,MONOTONIC_READS,network_partition,P8,M,M,M,ALL,ONE,ONE,cassandra2,cassandra2,cassandra2,cassandra2,True,1,2,,,False,False,False,False,OPERATION_FAILURE,WRITE_TIMEOUT,2,"WRITE_TIMEOUT: WriteTimeout: Error from server: code=1100 [Coordinator node timed out waiting for replica nodes' responses] message=""Operation timed out - received only 2 responses."" info={'consistency': 'ALL', 'required_responses': 3, 'received_responses': 2, 'write_type': 'SIMPLE'}"
9,mr_part_p8_9_1790440551807537600_2734,MONOTONIC_READS,network_partition,P8,M,M,M,ALL,ONE,ONE,cassandra2,cassandra1,cassandra2,cassandra2,True,1,2,,,False,False,False,False,OPERATION_FAILURE,WRITE_TIMEOUT,2,"WRITE_TIMEOUT: WriteTimeout: Error from server: code=1100 [Coordinator node timed out waiting for replica nodes' responses] message=""Operation timed out - received only 2 responses."" info={'consistency': 'ALL', 'required_responses': 3, 'received_responses': 2, 'write_type': 'SIMPLE'}"
10,mr_part_p8_10_1790440564715529200_6485,MONOTONIC_READS,network_partition,P8,M,M,M,ALL,ONE,ONE,cassandra2,cassandra1,cassandra1,cassandra2,False,1,2,,,False,False,False,False,OPERATION_FAILURE,WRITE_TIMEOUT,2,"WRITE_TIMEOUT: WriteTimeout: Error from server: code=1100 [Coordinator node timed out waiting for replica nodes' responses] message=""Operation timed out - received only 2 responses."" info={'consistency': 'ALL', 'required_responses': 3, 'received_responses': 2, 'write_type': 'SIMPLE'}"
11,mr_part_p8_11_1790440577784572700_2998,MONOTONIC_READS,network_partition,P8,M,M,M,ALL,ONE,ONE,cassandra2,cassandra1,cassandra2,cassandra2,True,1,2,,,False,False,False,False,OPERATION_FAILURE,WRITE_TIMEOUT,2,"WRITE_TIMEOUT: WriteTimeout: Error from server: code=1100 [Coordinator node timed out waiting for replica nodes' responses] message=""Operation timed out - received only 2 responses."" info={'consistency': 'ALL', 'required_responses': 3, 'received_responses': 2, 'write_type': 'SIMPLE'}"
12,mr_part_p8_12_1790440590748618200_6240,MONOTONIC_READS,network_partition,P8,M,M,M,ALL,ONE,ONE,cassandra2,cassandra2,cassandra2,cassandra2,True,1,2,,,False,False,False,False,OPERATION_FAILURE,WRITE_TIMEOUT,2,"WRITE_TIMEOUT: WriteTimeout: Error from server: code=1100 [Coordinator node timed out waiting for replica nodes' responses] message=""Operation timed out - received only 2 responses."" info={'consistency': 'ALL', 'required_responses': 3, 'received_responses': 2, 'write_type': 'SIMPLE'}"
13,mr_part_p8_13_1790440603812887300_9571,MONOTONIC_READS,network_partition,P8,M,M,M,ALL,ONE,ONE,cassandra2,cassandra2,cassandra1,cassandra1,True,1,2,,,False,False,False,False,OPERATION_FAILURE,WRITE_TIMEOUT,2,"WRITE_TIMEOUT: WriteTimeout: Error from server: code=1100 [Coordinator node timed out waiting for replica nodes' responses] message=""Operation timed out - received only 2 responses."" info={'consistency': 'ALL', 'required_responses': 3, 'received_responses': 2, 'write_type': 'SIMPLE'}"
14,mr_part_p8_14_1790440616758969200_6377,MONOTONIC_READS,network_partition,P8,M,M,M,ALL,ONE,ONE,cassandra2,cassandra1,cassandra1,cassandra2,False,1,2,,,False,False,False,False,OPERATION_FAILURE,WRITE_TIMEOUT,2,"WRITE_TIMEOUT: WriteTimeout: Error from server: code=1100 [Coordinator node timed out waiting for replica nodes' responses] message=""Operation timed out - received only 2 responses."" info={'consistency': 'ALL', 'required_responses': 3, 'received_responses': 2, 'write_type': 'SIMPLE'}"
15,mr_part_p8_15_1790440629757183500_6262,MONOTONIC_READS,network_partition,P8,M,M,M,ALL,ONE,ONE,cassandra2,cassandra1,cassandra1,cassandra2,False,1,2,,,False,False,False,False,OPERATION_FAILURE,WRITE_TIMEOUT,2,"WRITE_TIMEOUT: WriteTimeout: Error from server: code=1100 [Coordinator node timed out waiting for replica nodes' responses] message=""Operation timed out - received only 2 responses."" info={'consistency': 'ALL', 'required_responses': 3, 'received_responses': 2, 'write_type': 'SIMPLE'}"
16,mr_part_p8_16_1790440642737420700_8224,MONOTONIC_READS,network_partition,P8,M,M,M,ALL,ONE,ONE,cassandra2,cassandra1,cassandra2,cassandra1,False,1,2,,,False,False,False,False,OPERATION_FAILURE,WRITE_TIMEOUT,2,"WRITE_TIMEOUT: WriteTimeout: Error from server: code=1100 [Coordinator node timed out waiting for replica nodes' responses] message=""Operation timed out - received only 2 responses."" info={'consistency': 'ALL', 'required_responses': 3, 'received_responses': 2, 'write_type': 'SIMPLE'}"
17,mr_part_p8_17_1790440655688021500_9901,MONOTONIC_READS,network_partition,P8,M,M,M,ALL,ONE,ONE,cassandra2,cassandra1,cassandra2,cassandra2,True,1,2,,,False,False,False,False,OPERATION_FAILURE,WRITE_TIMEOUT,2,"WRITE_TIMEOUT: WriteTimeout: Error from server: code=1100 [Coordinator node timed out waiting for replica nodes' responses] message=""Operation timed out - received only 2 responses."" info={'consistency': 'ALL', 'required_responses': 3, 'received_responses': 2, 'write_type': 'SIMPLE'}"
18,mr_part_p8_18_1790440668744850900_8135,MONOTONIC_READS,network_partition,P8,M,M,M,ALL,ONE,ONE,cassandra1,cassandra2,cassandra1,cassandra1,True,1,2,,,False,False,False,False,OPERATION_FAILURE,WRITE_TIMEOUT,2,"WRITE_TIMEOUT: WriteTimeout: Error from server: code=1100 [Coordinator node timed out waiting for replica nodes' responses] message=""Operation timed out - received only 2 responses."" info={'consistency': 'ALL', 'required_responses': 3, 'received_responses': 2, 'write_type': 'SIMPLE'}"
19,mr_part_p8_19_1790440681681315300_1938,MONOTONIC_READS,network_partition,P8,M,M,M,ALL,ONE,ONE,cassandra1,cassandra2,cassandra1,cassandra2,False,1,2,,,False,False,False,False,OPERATION_FAILURE,WRITE_TIMEOUT,2,"WRITE_TIMEOUT: WriteTimeout: Error from server: code=1100 [Coordinator node timed out waiting for replica nodes' responses] message=""Operation timed out - received only 2 responses."" info={'consistency': 'ALL', 'required_responses': 3, 'received_responses': 2, 'write_type': 'SIMPLE'}"
20,mr_part_p8_20_1790440694694654300_5316,MONOTONIC_READS,network_partition,P8,M,M,M,ALL,ONE,ONE,cassandra2,cassandra2,cassandra2,cassandra1,False,1,2,,,False,False,False,False,OPERATION_FAILURE,WRITE_TIMEOUT,2,"WRITE_TIMEOUT: WriteTimeout: Error from server: code=1100 [Coordinator node timed out waiting for replica nodes' responses] message=""Operation timed out - received only 2 responses."" info={'consistency': 'ALL', 'required_responses': 3, 'received_responses': 2, 'write_type': 'SIMPLE'}"
1,mr_part_p9_1_1790440707750046900_4124,MONOTONIC_READS,network_partition,P9,M,M,M,ONE,ONE,ALL,cassandra1,cassandra1,cassandra1,cassandra1,True,1,2,2,,True,True,False,False,OPERATION_FAILURE,READ_TIMEOUT,2,"READ_TIMEOUT: ReadTimeout: Error from server: code=1200 [Coordinator node timed out waiting for replica nodes' responses] message=""Operation timed out - received only 2 responses."" info={'consistency': 'ALL', 'required_responses': 3, 'received_responses': 2}"
2,mr_part_p9_2_1790440723833322200_1039,MONOTONIC_READS,network_partition,P9,M,M,M,ONE,ONE,ALL,cassandra2,cassandra1,cassandra1,cassandra1,True,1,2,2,,True,True,False,False,OPERATION_FAILURE,READ_TIMEOUT,2,"READ_TIMEOUT: ReadTimeout: Error from server: code=1200 [Coordinator node timed out waiting for replica nodes' responses] message=""Operation timed out - received only 2 responses."" info={'consistency': 'ALL', 'required_responses': 3, 'received_responses': 2}"
3,mr_part_p9_3_1790440739957911700_2385,MONOTONIC_READS,network_partition,P9,M,M,M,ONE,ONE,ALL,cassandra2,cassandra2,cassandra2,cassandra1,False,1,2,2,,True,True,False,False,OPERATION_FAILURE,READ_TIMEOUT,2,"READ_TIMEOUT: ReadTimeout: Error from server: code=1200 [Coordinator node timed out waiting for replica nodes' responses] message=""Operation timed out - received only 2 responses."" info={'consistency': 'ALL', 'required_responses': 3, 'received_responses': 2}"
4,mr_part_p9_4_1790440756080827500_1348,MONOTONIC_READS,network_partition,P9,M,M,M,ONE,ONE,ALL,cassandra2,cassandra1,cassandra2,cassandra1,False,1,2,2,,True,True,False,False,OPERATION_FAILURE,READ_TIMEOUT,2,"READ_TIMEOUT: ReadTimeout: Error from server: code=1200 [Coordinator node timed out waiting for replica nodes' responses] message=""Operation timed out - received only 2 responses."" info={'consistency': 'ALL', 'required_responses': 3, 'received_responses': 2}"
5,mr_part_p9_5_1790440772273946800_4469,MONOTONIC_READS,network_partition,P9,M,M,M,ONE,ONE,ALL,cassandra1,cassandra1,cassandra1,cassandra1,True,1,2,2,,True,True,False,False,OPERATION_FAILURE,READ_TIMEOUT,2,"READ_TIMEOUT: ReadTimeout: Error from server: code=1200 [Coordinator node timed out waiting for replica nodes' responses] message=""Operation timed out - received only 2 responses."" info={'consistency': 'ALL', 'required_responses': 3, 'received_responses': 2}"
6,mr_part_p9_6_1790440788397985200_8628,MONOTONIC_READS,network_partition,P9,M,M,M,ONE,ONE,ALL,cassandra1,cassandra2,cassandra2,cassandra2,True,1,2,2,,True,True,False,False,OPERATION_FAILURE,READ_TIMEOUT,2,"READ_TIMEOUT: ReadTimeout: Error from server: code=1200 [Coordinator node timed out waiting for replica nodes' responses] message=""Operation timed out - received only 2 responses."" info={'consistency': 'ALL', 'required_responses': 3, 'received_responses': 2}"
7,mr_part_p9_7_1790440804532025200_8155,MONOTONIC_READS,network_partition,P9,M,M,M,ONE,ONE,ALL,cassandra2,cassandra1,cassandra2,cassandra2,True,1,2,2,,True,True,False,False,OPERATION_FAILURE,READ_TIMEOUT,2,"READ_TIMEOUT: ReadTimeout: Error from server: code=1200 [Coordinator node timed out waiting for replica nodes' responses] message=""Operation timed out - received only 2 responses."" info={'consistency': 'ALL', 'required_responses': 3, 'received_responses': 2}"
8,mr_part_p9_8_1790440820668992400_3130,MONOTONIC_READS,network_partition,P9,M,M,M,ONE,ONE,ALL,cassandra1,cassandra1,cassandra2,cassandra1,False,1,2,2,,True,True,False,False,OPERATION_FAILURE,READ_TIMEOUT,2,"READ_TIMEOUT: ReadTimeout: Error from server: code=1200 [Coordinator node timed out waiting for replica nodes' responses] message=""Operation timed out - received only 2 responses."" info={'consistency': 'ALL', 'required_responses': 3, 'received_responses': 2}"
9,mr_part_p9_9_1790440836799537200_9541,MONOTONIC_READS,network_partition,P9,M,M,M,ONE,ONE,ALL,cassandra1,cassandra1,cassandra1,cassandra2,False,1,2,2,,True,True,False,False,OPERATION_FAILURE,READ_TIMEOUT,2,"READ_TIMEOUT: ReadTimeout: Error from server: code=1200 [Coordinator node timed out waiting for replica nodes' responses] message=""Operation timed out - received only 2 responses."" info={'consistency': 'ALL', 'required_responses': 3, 'received_responses': 2}"
10,mr_part_p9_10_1790440852997713300_6278,MONOTONIC_READS,network_partition,P9,M,M,M,ONE,ONE,ALL,cassandra1,cassandra2,cassandra2,cassandra1,False,1,2,2,,True,True,False,False,OPERATION_FAILURE,READ_TIMEOUT,2,"READ_TIMEOUT: ReadTimeout: Error from server: code=1200 [Coordinator node timed out waiting for replica nodes' responses] message=""Operation timed out - received only 2 responses."" info={'consistency': 'ALL', 'required_responses': 3, 'received_responses': 2}"
11,mr_part_p9_11_1790440869220649100_9436,MONOTONIC_READS,network_partition,P9,M,M,M,ONE,ONE,ALL,cassandra2,cassandra2,cassandra2,cassandra1,False,1,2,2,,True,True,False,False,OPERATION_FAILURE,READ_TIMEOUT,2,"READ_TIMEOUT: ReadTimeout: Error from server: code=1200 [Coordinator node timed out waiting for replica nodes' responses] message=""Operation timed out - received only 2 responses."" info={'consistency': 'ALL', 'required_responses': 3, 'received_responses': 2}"
12,mr_part_p9_12_1790440885313654000_6750,MONOTONIC_READS,network_partition,P9,M,M,M,ONE,ONE,ALL,cassandra1,cassandra1,cassandra2,cassandra1,False,1,2,2,,True,True,False,False,OPERATION_FAILURE,READ_TIMEOUT,2,"READ_TIMEOUT: ReadTimeout: Error from server: code=1200 [Coordinator node timed out waiting for replica nodes' responses] message=""Operation timed out - received only 2 responses."" info={'consistency': 'ALL', 'required_responses': 3, 'received_responses': 2}"
13,mr_part_p9_13_1790440901445193800_3052,MONOTONIC_READS,network_partition,P9,M,M,M,ONE,ONE,ALL,cassandra1,cassandra2,cassandra2,cassandra1,False,1,2,2,,True,True,False,False,OPERATION_FAILURE,READ_TIMEOUT,2,"READ_TIMEOUT: ReadTimeout: Error from server: code=1200 [Coordinator node timed out waiting for replica nodes' responses] message=""Operation timed out - received only 2 responses."" info={'consistency': 'ALL', 'required_responses': 3, 'received_responses': 2}"
14,mr_part_p9_14_1790440917516947200_8631,MONOTONIC_READS,network_partition,P9,M,M,M,ONE,ONE,ALL,cassandra2,cassandra2,cassandra2,cassandra1,False,1,2,2,,True,True,False,False,OPERATION_FAILURE,READ_TIMEOUT,2,"READ_TIMEOUT: ReadTimeout: Error from server: code=1200 [Coordinator node timed out waiting for replica nodes' responses] message=""Operation timed out - received only 2 responses."" info={'consistency': 'ALL', 'required_responses': 3, 'received_responses': 2}"
15,mr_part_p9_15_1790440933638830200_1282,MONOTONIC_READS,network_partition,P9,M,M,M,ONE,ONE,ALL,cassandra1,cassandra1,cassandra2,cassandra1,False,1,2,2,,True,True,False,False,OPERATION_FAILURE,READ_TIMEOUT,2,"READ_TIMEOUT: ReadTimeout: Error from server: code=1200 [Coordinator node timed out waiting for replica nodes' responses] message=""Operation timed out - received only 2 responses."" info={'consistency': 'ALL', 'required_responses': 3, 'received_responses': 2}"
16,mr_part_p9_16_1790440949831812800_3112,MONOTONIC_READS,network_partition,P9,M,M,M,ONE,ONE,ALL,cassandra1,cassandra1,cassandra1,cassandra1,True,1,2,2,,True,True,False,False,OPERATION_FAILURE,READ_TIMEOUT,2,"READ_TIMEOUT: ReadTimeout: Error from server: code=1200 [Coordinator node timed out waiting for replica nodes' responses] message=""Operation timed out - received only 2 responses."" info={'consistency': 'ALL', 'required_responses': 3, 'received_responses': 2}"
17,mr_part_p9_17_1790440965886955100_5559,MONOTONIC_READS,network_partition,P9,M,M,M,ONE,ONE,ALL,cassandra2,cassandra1,cassandra1,cassandra2,False,1,2,2,,True,True,False,False,OPERATION_FAILURE,READ_TIMEOUT,2,"READ_TIMEOUT: ReadTimeout: Error from server: code=1200 [Coordinator node timed out waiting for replica nodes' responses] message=""Operation timed out - received only 2 responses."" info={'consistency': 'ALL', 'required_responses': 3, 'received_responses': 2}"
18,mr_part_p9_18_1790440982061156800_2692,MONOTONIC_READS,network_partition,P9,M,M,M,ONE,ONE,ALL,cassandra2,cassandra1,cassandra1,cassandra2,False,1,2,2,,True,True,False,False,OPERATION_FAILURE,READ_TIMEOUT,2,"READ_TIMEOUT: ReadTimeout: Error from server: code=1200 [Coordinator node timed out waiting for replica nodes' responses] message=""Operation timed out - received only 2 responses."" info={'consistency': 'ALL', 'required_responses': 3, 'received_responses': 2}"
19,mr_part_p9_19_1790440998166723200_9571,MONOTONIC_READS,network_partition,P9,M,M,M,ONE,ONE,ALL,cassandra2,cassandra1,cassandra2,cassandra1,False,1,2,2,,True,True,False,False,OPERATION_FAILURE,READ_TIMEOUT,2,"READ_TIMEOUT: ReadTimeout: Error from server: code=1200 [Coordinator node timed out waiting for replica nodes' responses] message=""Operation timed out - received only 2 responses."" info={'consistency': 'ALL', 'required_responses': 3, 'received_responses': 2}"
20,mr_part_p9_20_1790441014327874600_9542,MONOTONIC_READS,network_partition,P9,M,M,M,ONE,ONE,ALL,cassandra1,cassandra2,cassandra2,cassandra1,False,1,2,2,,True,True,False,False,OPERATION_FAILURE,READ_TIMEOUT,2,"READ_TIMEOUT: ReadTimeout: Error from server: code=1200 [Coordinator node timed out waiting for replica nodes' responses] message=""Operation timed out - received only 2 responses."" info={'consistency': 'ALL', 'required_responses': 3, 'received_responses': 2}"
