write_cl,read_cl,requested_trials,measured_trials,passes,violations,errors,setup_errors,availability,mr_success_rate,total_reads,total_regressions,read_regression_rate
ONE,ONE,200,200,197,3,0,0,1.0,0.985,1000,3,0.003
ONE,QUORUM,200,197,196,0,1,3,0.9949238578680203,1.0,980,0,0.0
ONE,ALL,200,200,200,0,0,0,1.0,1.0,1000,0,0.0
QUORUM,ONE,200,200,195,3,2,0,0.99,0.9848484848484849,990,3,0.0030303030303030303
QUORUM,QUORUM,200,200,200,0,0,0,1.0,1.0,1000,0,0.0
QUORUM,ALL,200,200,200,0,0,0,1.0,1.0,1000,0,0.0
ALL,ONE,200,200,200,0,0,0,1.0,1.0,1000,0,0.0
ALL,QUORUM,200,200,200,0,0,0,1.0,1.0,1000,0,0.0
ALL,ALL,200,200,200,0,0,0,1.0,1.0,1000,0,0.0
